n2/n1,0.05,0.05510204081632653,0.06020408163265306,0.0653061224489796,0.07040816326530612,0.07551020408163266,0.08061224489795918,0.08571428571428572,0.09081632653061225,0.09591836734693877,0.10102040816326531,0.10612244897959183,0.11122448979591837,0.11632653061224489,0.12142857142857143,0.12653061224489795,0.13163265306122449,0.13673469387755102,0.14183673469387756,0.1469387755102041,0.1520408163265306,0.15714285714285714,0.16224489795918368,0.1673469387755102,0.17244897959183675,0.17755102040816326,0.1826530612244898,0.18775510204081633,0.19285714285714287,0.19795918367346937,0.2030612244897959,0.20816326530612245,0.21326530612244898,0.21836734693877552,0.22346938775510203,0.22857142857142856,0.2336734693877551,0.23877551020408164,0.24387755102040817,0.24897959183673468,0.2540816326530612,0.25918367346938775,0.2642857142857143,0.2693877551020408,0.27448979591836736,0.2795918367346939,0.28469387755102044,0.2897959183673469,0.29489795918367345,0.3
0.05,3.0,3.0,3.0,3.0,3.0,3.0,3.0,0.5307302299597493,0.517119839711301,0.5040540917089036,0.4914854072311201,0.4793815344916068,0.46771808260722025,0.45647594742906666,0.44563998060080756,0.43519816170587944,0.42514102703630796,0.41546124850319754,0.40615330815049505,0.39721323676735126,0.38863839673265466,0.3804272957290694,0.37257942190658977,0.3650950936387786,0.35797531879286076,0.351221659750227,0.34483610145244226,0.33882092062077035,0.33317855507121547,0.3279114727600885,0.3230220408640291,0.31851239582442603,0.3143843158576426,0.3106390979282868,0.30727744157567455,0.30429934224417443,0.30170399686925325,0.2994897243927928,0.2976539036152244,0.29619293034455807,0.2951021951962235,0.2943760826711632,0.2940079913440037,0.29399037418711804,0.29431479730016574,0.2949720146630358,0.2959520560266257,0.29724432472872153,0.29883770208207955,0.30072065502236695
0.05510204081632653,3.0,3.0,3.0,3.0,3.0,3.0,3.0,0.5128253290892707,0.4991716410517593,0.4860547762296614,0.4734273920884229,0.46125805734727104,0.44952328773729694,0.4382049013005733,0.42728867619005056,0.4167635270694875,0.40662094275543686,0.3968545748968203,0.3874599216283816,0.3784340739641595,0.36977550463723197,0.361483885701743,0.35355992518289997,0.34600521562436204,0.3388220891618649,0.3320134750859214,0.3255827569417761,0.3195336271704501,0.31386993819214964,0.3085955497114338,0.30371417289576774,0.29922921293730076,0.29514361232505126,0.2914596978886937,0.28817903527276983,0.2853022949039385,0.2828291336704545,0.2807580964020049,0.27908654080064255,0.2778105887393537,0.27692510585461116,0.27642371018346135,0.27629880932743756,0.276541664370339,0.2771424776389886,0.2780905004658548,0.27937415645534663,0.28098117540585743,0.2828987329984125,0.28511359160175553
0.06020408163265306,3.0,3.0,3.0,3.0,3.0,3.0,3.0,0.4954338890773654,0.481730161097482,0.4685540783570058,0.45585867487381904,0.44361345149417586,0.43179590796703676,0.4203888437105858,0.4093790146381667,0.39875632081243106,0.38851325820361315,0.3786445214127142,0.369146700171909,0.36001803684517975,0.35125822426305975,0.34286822985219106,0.33485013595059615,0.32720698871155546,0.3199426497394344,0.31306164592650376,0.3065690140826198,0.300470138001704,0.2947705766720714,0.2894758834563088,0.28459141725214526,0.2801221478786284,0.27607245916113804,0.2724459543355925,0.2692452693565062,0.26647190036494955,0.2641260518458933,0.26220651179842847,0.26071055951722394,0.2596339103550889,0.25897070018219925,0.25871351031203355,0.258853431603905,0.2593801644716999,0.2602821498126136,0.26154672456692263,0.26316029482332354,0.2651085191234122,0.267376494861146,0.26994894133685393
0.0653061224489796,3.0,3.0,3.0,3.0,3.0,3.0,3.0,0.4786284455460771,0.46487422868813655,0.4516371420080106,0.43887068861497164,0.4265453794113512,0.4146397472571244,0.403137606904819,0.3920267198424805,0.3812979995808436,0.3709449826059389,0.3609634495934023,0.35135113890725017,0.342107519207388,0.3332336001481213,0.3247317667002012,0.31660562643949003,0.30885986153263906,0.30150007878605223,0.2945326523882627,0.2879645551030836,0.28180317481791295,0.27605611462306223,0.27073097605549823,0.26583512680126153,0.2613754559830809,0.2573581220772561,0.2537883003665641,0.25066993845788793,0.24800552956237928,0.24579591374458593,0.24404011703023626,0.24273523703744732,0.24187638169282294,0.24145666476716182,0.2414672586833185,0.2418975016557702,0.24273505308396776,0.24396608856728186,0.24557552417523304,0.24754725880683714,0.24986442359247682,0.2525096282050122,0.2554651954525875
0.07040816326530612,3.0,3.0,3.0,3.0,3.0,3.0,3.0,0.4623334749069123,0.44853301491947706,0.43523794848114566,0.4224022864469118,0.4099975920577255,0.39800345131091946,0.3864047030501483,0.37519011929715607,0.36435163378016705,0.3538838369008608,0.3437836200211753,0.33404991057702665,0.32468346455601815,0.3156866949650444,0.307063521285823,0.29881922850632353,0.29096032647349274,0.28349440173654467,0.2764299551508306,0.26977621956350495,0.2635429531052624,0.2577402051200359,0.25237805368146055,0.2474663160155124,0.24301423593754065,0.23903015548467244,0.2355211810380327,0.2324928570393654,0.22994886250258786,0.22789074648678023,0.22631771819593177,0.2252265052321477,0.22461128981873468,0.22446372785487087,0.22477305001935916,0.22552623849827858,0.2267082679683565,0.22830239579775682,0.23029048437631575,0.2326533381365213,0.23537103900187542,0.23842326634413613,0.24178959059670457
0.07551020408163266,3.0,3.0,3.0,3.0,3.0,3.0,3.0,0.4464866764298263,0.4326460561809683,0.4192980346340584,0.40639712006767065,0.393915938208615,0.3818351208157491,0.37014051489095,0.3588218847963444,0.34787216905948776,0.3372870040583075,0.327064396234129,0.3172044840763386,0.3077093562399503,0.2985829040636272,0.28983069283431956,0.2814598393817292,0.2734788853582006,0.2658976565955568,0.258727099682632,0.251979087710388,0.24566618826778425,0.23980138848974258,0.2343977744621911,0.22946816570245213,0.22502470975029987,0.22107844693601744,0.21763886072244365,0.2147134340074329,0.21230723561164985,0.2104225630147882,0.20905866654032013,0.20821157627874154,0.20787404625109904,0.20803562138118814,0.20868282296136323,0.20979943888156022,0.21136689727435024,0.21336469736613198,0.21577086962051975,0.2185624385462998,0.2217158651965354,0.22520745153360008,0.2290136945667306
0.08061224489795918,3.0,3.0,3.0,3.0,3.0,3.0,3.0,0.4310495844971871,0.4171754700431497,0.4037802514606316,0.3908188796141273,0.37826502496841624,0.3661003325599587,0.35431161786747434,0.34288959610606545,0.3318281719134578,0.3211239964378081,0.31077617271228325,0.3007860505733537,0.2911570774647083,0.2818946830824856,0.27300618147094674,0.26450067688860596,0.2563889609253045,0.24868338871526627,0.24139772216587804,0.23454692833359547,0.228146921848198,0.2222142420478604,0.2167656586574705,0.211817704748717,0.2073861424849283,0.20348537555386803,0.20012783153560004,0.1973233465291367,0.19507859153396861,0.19339658356598294,0.19227632279296922,0.1917125894118347,0.191695921044843,0.19221277484648772,0.193245860958965,0.1947746183877513,0.19677579326706743,0.19922407425223013,0.20209274050992973,0.20535428343581325,0.2089809720748666,0.21294534235124432,0.21722059999472595
0.08571428571428572,3.0,3.0,3.0,3.0,3.0,3.0,3.0,0.41599902737862154,0.4020982795613804,0.3886619499085884,0.3756453323640536,0.363023099352891,0.3507778527903117,0.3388973131023681,0.32737308031166434,0.31619996080639834,0.30537556249593395,0.29490003898637457,0.28477592440292226,0.27500802544577413,0.26560334849091405,0.2565710446342393,0.2479223575448642,0.23967055922120528,0.23183085799359665,0.2244202619483971,0.2174573799131036,0.2109621418860588,0.20495542209199155,0.1994585515579545,0.19449271404657306,0.19007822987137665,0.18623374642847493,0.18297537108810216,0.18031579906163148,0.17826350256831378,0.17682205418188876,0.17598965339113565,0.1757589098310601,0.17611691084272918,0.1770455693745935,0.17852221691987386,0.18052038134055326,0.18301067534689647,0.18596171942949027,0.1893410316157446,0.19311583202934365,0.19725372874048527,0.20172326922209705,0.20649435648166814
0.09081632653061225,3.0,3.0,3.0,3.0,3.0,3.0,3.0,0.40132114297030436,0.3874007474521747,0.373929648189446,0.3608633303653028,0.34817740259900487,0.33585534390103927,0.3238856914951965,0.3122608375319542,0.30097639664495957,0.2900308436901492,0.2794253026562431,0.2691634292451624,0.2592513544127349,0.24969766693834955,0.2405134174883484,0.2317121276163712,0.22330978601414966,0.21532481179974572,0.20777796127785436,0.2006921511149772,0.19409216821766034,0.1880042361576943,0.1824554115148522,0.17747279294233737,0.17308254271058332,0.16930874540409604,0.1661721596284815,0.16368895139065423,0.16186952474277705,0.16071757745662704,0.16022949960652322,0.16039419867579968,0.16119338108612363,0.1626022584442642,0.16459059183884256,0.16712395151498619,0.17016505816874172,0.17367508436129364,0.17761482293779157,0.18194566449346858,0.18663035962788038,0.191633568687701,0.19692221985749458
0.09591836734693877,3.0,3.0,3.0,3.0,3.0,3.0,3.0,0.38700836554943835,0.37307546827496546,0.3595762582098424,0.3464661793997904,0.33372168982587147,0.32132704293188086,0.3092714791257132,0.2975480610438886,0.2861530848608598,0.27508576467390483,0.2643480720623161,0.2539446749144892,0.24388294428549767,0.23417300841558145,0.22482783670044035,0.21586333618112555,0.20729844013847662,0.1991551631536185,0.1914585899688756,0.18423675737881362,0.17752038056784752,0.17134237013441214,0.1657370870176673,0.1607392941573659,0.15638279048485043,0.15269875734373872,0.14971390750289557,0.14744859299470858,0.1459150826884668,0.14511624238129633,0.14504482227279325,0.1456834762547206,0.1470055211955809,0.14897632411320522,0.1515551147163595,0.15469698194003528,0.15835482783382912,0.16248110563808577,0.16702923882165238,0.17195468429004643,0.1772156537348917,0.18277353837385385,0.18859309620280082
0.10102040816326531,3.0,3.0,3.0,3.0,3.0,3.0,3.0,0.37305811439788417,0.35911998898114655,0.345599777525512,0.33245241013591575,0.3196550885842233,0.30719271622158495,0.29505509720184775,0.28323581203193415,0.27173167443561425,0.260542465447182,0.24967082888608816,0.23912227492222035,0.2289052631842105,0.21903134704449753,0.20951536380455213,0.20037565405488303,0.19163428823043216,0.18331726934883946,0.17545466802057857,0.16808062941914229,0.1612331735419479,0.1549536934530676,0.1492860480367421,0.14427515628978957,0.13996504152213993,0.13639635563985775,0.13360353494677502,0.13161187897954857,0.13043495935627272,0.13007280120484027,0.1305111950767885,0.1317222966288797,0.13366641342020627,0.136294651743564,0.13955197495987332,0.1433802313384842,0.147720814320071,0.15251676517685459,0.15771426557393436,0.16326356612068604,0.16911945036730727,0.17524135015088052,0.18159322103958872
0.10612244897959183,3.0,3.0,3.0,3.0,3.0,3.0,3.0,3.0,0.3455361822190707,0.33200271673014004,0.31882526780648945,0.30598165994552584,0.29345730212611615,0.281242397787851,0.26933086079067886,0.25771981783237147,0.24640939345337437,0.23540266496895276,0.2247057380231199,0.21432791870965967,0.2042819687625165,0.19458443344674894,0.18525602960525184,0.17632207386249824,0.16781291722600233,0.15976433076398827,0.15221775648230798,0.1452202984911283,0.13882428666463048,0.13308621033190698,0.12806481570712563,0.12381822031575479,0.12040005308564584,0.11785488860103678,0.11621356080958706,0.11548919622563728,0.11567484502215286,0.11674331543239387,0.11864929117561279,0.12133324394198848,0.1247262833483032,0.12875503523854062,0.13334585475227215,0.13842801127985827,0.14393578376265287,0.1498096019206558,0.15599645587011587,0.16244980398075604,0.16912917402381922,0.17599960400223508
0.11122448979591837,3.0,3.0,3.0,3.0,3.0,3.0,3.0,3.0,0.33232999572145133,0.31879190059850254,0.30559257464789624,0.29271033332564883,0.28013093119752974,0.26784478444959653,0.25584592522173405,0.24413154691701558,0.23270183822526375,0.22155999765423448,0.21071238493111982,0.2001687921624723,0.18994282967492424,0.1800524260584403,0.17052044068302238,0.16137537881255037,0.15265218143514067,0.14439302941939697,0.13664804887956944,0.12947572704608776,0.12294274716273536,0.11712284493239346,0.11209422593690536,0.10793515061166115,0.10471759933790474,0.10249953132670674,0.10131702815076042,0.10117819889297619,0.10206064835305123,0.1039133795398708,0.10666259321867001,0.11021971045479856,0.11448962409657208,0.11937765095144157,0.12479446390323704,0.13065898845871826,0.13689965043239807,0.14345448161627614,0.15027054055921146,0.15730299076835808,0.16451406182983197,0.1718720262314187
0.11632653061224489,3.0,3.0,3.0,3.0,3.0,3.0,3.0,3.0,0.31951140251436355,0.30597847293825253,0.29276680094262403,0.2798550576385398,0.267229174337839,0.25487957786487025,0.2428001784761653,0.2309879517249325,0.21944281492784395,0.2081676956762588,0.19716875620447907,0.1864557663719665,0.17604263336205772,0.16594810500969615,0.15619666717199124,0.14681965153213808,0.13785655288084,0.1293565136964997,0.12137985224564479,0.1139993670132687,0.10730092713154617,0.10138256655182003,0.09635103022475341,0.09231470930077434,0.08937252551508776,0.08759986323813121,0.08703476020913337,0.08766893908542495,0.08944733227056648,0.09227645114839732,0.09603836013878346,0.10060552749427565,0.1058528821741707,0.11166559027690375,0.11794284481261921,0.12459877633425528,0.1315616545475549,0.13877227504643422,0.14618209755185604,0.15375144360477225,0.1614478933957562,0.16924492518717738
0.12142857142857143,3.0,3.0,3.0,3.0,3.0,3.0,3.0,3.0,0.30709446744241614,0.29357802234657315,0.28036526399826517,0.26743509090947776,0.2547734448785203,0.24237055777244002,0.23021996503708414,0.21831811314758526,0.2066642655298125,0.1952606107710314,0.18411254571697885,0.17322913880687563,0.16262380021030962,0.15231520275506671,0.14232851312234557,0.13269700406351942,0.1234641173498125,0.11468601515156321,0.10643455731064304,0.09880040806968589,0.09189551468789386,0.08585343596024969,0.08082503691974008,0.07696653055151992,0.07441813584285861,0.07327613441173822,0.07356763015003202,0.07524018015895388,0.07817233954876304,0.08219958504063654,0.08714330412200132,0.092832997224578,0.09911856120473699,0.10587441198637075,0.11299867981505218,0.12041016480175365,0.1280446964416175,0.1358517035031346,0.14379129676296734,0.15183191421217637,0.15994847246288105,0.16812093614918577
0.12653061224489795,3.0,3.0,3.0,3.0,3.0,3.0,3.0,3.0,0.29509748418371995,0.28161078283983343,0.26841040896037993,0.2554753825088455,0.24279150970964222,0.23034863868446334,0.21813968738707812,0.20616026061440926,0.19440856471753418,0.18288552983496428,0.1715951209073653,0.16054485640407282,0.1497465834012968,0.1392175892314238,0.1289821683699013,0.11907381045485062,0.10953822712030908,0.10043747113355671,0.09185535977217106,0.08390414273560794,0.07673153102775372,0.0705253086705008,0.06550944960535685,0.061922374005292456,0.05997044914072997,0.059765870737314,0.06128141471675104,0.06435511777018782,0.06874206061613536,0.0741775138023779,0.08042081229379942,0.08727371771217146,0.09458165276415822,0.10222739370246091,0.11012304996250373,0.11820283288399844,0.12641730714078123,0.13472907300780687,0.14310960561012834,0.15153696335605413,0.15999412789013776,0.16846779650595328
0.13163265306122449,3.0,3.0,3.0,3.0,3.0,3.0,3.0,3.0,0.28354315128167995,0.27010187581883077,0.2569301354965927,0.24400700932969918,0.2313180680042054,0.21885263557971274,0.20660281863861282,0.19456311277208443,0.18273029823905426,0.1711035384143766,0.1596846679617182,0.14847869991649862,0.13749461984777578,0.12674658472606706,0.11625571645944145,0.10605279074981756,0.09618229015484223,0.08670853052333956,0.07772485246618333,0.06936698209388777,0.061830816352987324,0.055390867251853194,0.050404376591482614,0.04726794158018705,0.04629543181932985,0.04756103108995455,0.05084579127835165,0.05574870456889881,0.0618471474385219,0.06879030980553315,0.07631896092635304,0.08425105522066635,0.09246074576998124,0.10086083606806116,0.1093902533994359,0.11800560920094001,0.12667561266624836,0.13537737014246903,0.14409391011227052,0.15281250505233537,0.1615235160040826,0.17021958444025073
0.13673469387755102,3.0,3.0,3.0,3.0,3.0,3.0,3.0,3.0,0.27245875780089324,0.25908155945852007,0.24595813072130976,0.23306761912045626,0.22039534196491953,0.2079300535776373,0.19566296346241857,0.18358731192236433,0.17169821617562245,0.1599926999960118,0.14846989257567864,0.13713142573898907,0.12598210241319271,0.11503097160398357,0.10429304894941455,0.09379210715504722,0.08356530322942382,0.07367105413246515,0.06420277176975048,0.055313117489218605,0.04725583146691107,0.04044905178870285,0.03552914366740232,0.03325274562603498,0.03406954392674128,0.03770787050921965,0.043405503344882634,0.050420929046988534,0.0582397567918308,0.06654566409403295,0.0751486368036217,0.08393272615038648,0.09282512458034692,0.10177869239244046,0.1107620294216,0.11975369647246288,0.12873875019559022,0.13770660092935072,0.1466496493765049,0.15556239533082578,0.16444084056377753,0.173282079815804
0.14183673469387756,3.0,3.0,3.0,3.0,3.0,3.0,3.0,3.0,0.26187634412239025,0.24858544311696756,0.23553415549349188,0.22270181426629418,0.21007359460844907,0.197637792594879,0.1853848271320261,0.17330677243250805,0.16139713312284998,0.1496507690939085,0.13806394506469735,0.12663451751835408,0.11536230814889269,0.10424976688682923,0.09330312580241028,0.08253444356974551,0.07196537125658033,0.06163447436339111,0.05161245926765164,0.04203638286974041,0.03319248993827475,0.025720336429165,0.020985536423814562,0.020797985440088575,0.02515035986853776,0.03217316628510259,0.040438523743485284,0.049277247137275125,0.05839057137055706,0.0676352710873716,0.07693673963278883,0.08625327104969124,0.09556022559489345,0.10484242991641332,0.1140902621923938,0.12329750963714664,0.13246013414135055,0.14157552934334425,0.15064205645360543,0.15965874477018907,0.16862509300748046,0.17754093428228934
0.1469387755102041,3.0,3.0,3.0,3.0,3.0,3.0,3.0,3.0,0.25183279340189024,0.2386546098476006,0.2257042102350105,0.21296137890988084,0.2004114452933114,0.18804259284887972,0.1758448557491723,0.16380961801316332,0.15192932663397438,0.14019731805864497,0.12860771752231312,0.11715539697432859,0.10583599439883751,0.0946460162231113,0.08358307667879535,0.07264639702492123,0.061837857606627106,0.051164370329525116,0.040643875096349785,0.03032331753411441,0.0203486154410649,0.01137852788751467,0.007737891978410107,0.014131973616974155,0.02331686457267952,0.032965102557617705,0.042707553481535064,0.05244763662026199,0.0621507854624481,0.07180236875516822,0.08139567902887104,0.09092763343030416,0.10039697719864317,0.10980344352639337,0.11914732573691417,0.12842924449436033,0.1376500143109815,0.14681056372201295,0.15591188593367802,0.16495500750344175,0.17394096806906684,0.18287080705065767
0.1520408163265306,3.0,3.0,3.0,3.0,3.0,3.0,3.0,3.0,0.24236979578004067,0.22933557116285502,0.216520479452215,0.20390521338436982,0.19147579661844102,0.17922096181339406,0.16713118077986092,0.1551981804436698,0.14341466311748524,0.13177413264476,0.12027078582583063,0.10889945297852031,0.09765558635424168,0.08653531061369595,0.07553557606407657,0.06465451548540858,0.053892266681935995,0.043253028248659155,0.03275103812119402,0.022432841289141463,0.01250592258872259,0.005118716554093417,0.01034402193148624,0.01983459218989799,0.02966991312468154,0.03953190570727879,0.04935709948875433,0.05912586621505095,0.06883097515969076,0.07846975425750717,0.08804149893084215,0.09754644574988106,0.10698531120682546,0.11635906434448343,0.12566880657714963,0.1349157047181339,0.14410095215130533,0.1532257456785787,0.1622912714764627,0.17129869653339105,0.18024916348013417,0.18914378756959538
0.15714285714285714,3.0,3.0,3.0,3.0,3.0,3.0,3.0,3.0,0.23353361239622528,0.2206799573856067,0.2080409248617964,0.19559879792190005,0.18334112468021316,0.17125823047099828,0.15934235746553338,0.1475873032062035,0.13598830240800894,0.124542085318087,0.11324712253228573,0.10210412925574446,0.0911169954497693,0.08029449077446509,0.06965349734913731,0.059225503738601776,0.04907069963187366,0.03931164507869067,0.0302228183331705,0.022486760376428574,0.017779361437061315,0.01841345781362088,0.02385487770932448,0.03163711038933137,0.040368864275904214,0.04950276355115815,0.05881325537048309,0.06819618556815546,0.07759841229457995,0.08699067323956977,0.09635593487312155,0.1056838955943209,0.11496818144888525,0.12420482013355967,0.13339136487741102,0.14252636832333673,0.15160905435499158,0.16063910665957054,0.16961652866806654,0.17854154853337542,0.18741455332043605,0.19623604260939206
0.16224489795918368,3.0,3.0,3.0,3.0,3.0,3.0,3.0,3.0,0.22537455276248036,0.2127438290363714,0.20032837292558936,0.18811297449708406,0.17608783809788486,0.16424631926068006,0.1525842856164607,0.14110003591281517,0.1297945750304442,0.11867225340451631,0.10774190358883702,0.09701876002876665,0.08652771183156086,0.07630894599457252,0.06642806001761906,0.0569947914494956,0.04819842560386016,0.040373069901481165,0.03409829088061592,0.030251131977804383,0.029690226438208105,0.03250100467735572,0.03787201183461852,0.04483759534249328,0.05272454390977213,0.06113999985215729,0.06986184929413304,0.07876164643298278,0.08776224711100378,0.09681549459725909,0.10589027162405913,0.11496587761645138,0.12402821328623183,0.13306749876308802,0.14207686098323455,0.1510514315312826,0.1599877541891974,0.168883386067253,0.17773662303489135,0.18654630693014496,0.19531168776800903,0.20403232368079563
0.1673469387755102,3.0,3.0,3.0,3.0,3.0,3.0,3.0,3.0,0.21794607227110507,0.20558648782991423,0.19344893661513873,0.18152183258554475,0.1697994150342315,0.1582798126612335,0.14696474997318323,0.13585991497818473,0.1249758594228851,0.11432953836286405,0.10394676694185982,0.09386609286387486,0.08414491885546631,0.07486920681770781,0.06616867898758776,0.05823946037087374,0.051372996817917474,0.04597676131863851,0.0425407130516903,0.04148348111850015,0.04291605579465136,0.04655235680888362,0.05188262342930285,0.05840370144521198,0.06572701201921154,0.07358334114830505,0.08179327251192514,0.09023774695577468,0.09883685062440746,0.10753599345394942,0.11629716673736377,0.12509341690757403,0.13390530990462948,0.14271862924985484,0.15152284806180394,0.1603100948162832,0.16907443998854346,0.17781139519062025,0.18651755562561023,0.19519034090209572,0.20382780447221646,0.21242849168824285
0.17244897959183675,3.0,3.0,3.0,3.0,3.0,3.0,3.0,3.0,0.21130340397024702,0.19926868154349922,0.18746964163511684,0.1758995410836789,0.16455813039067327,0.15345012833090182,0.14258535895631694,0.13197965883315405,0.12165648282913713,0.11164936542119844,0.10200554055090653,0.09279114875271065,0.08409851277105289,0.07605572269689591,0.06883766507489732,0.06267451979668313,0.057847474817129756,0.05465441238016095,0.05333386822156147,0.05397116964707109,0.05645256410068229,0.06050943270081853,0.06581405268717258,0.07205903015286733,0.0789933654194362,0.08642649027958864,0.09421859653153455,0.10226834873667646,0.11050228025049903,0.11886677109089619,0.12732230291863877,0.13583943232783713,0.1443959825205618,0.15297507751419132,0.16156375475710658,0.1701519756125315,0.1787319114215094,0.18729742226942117,0.19584367196846078,0.20436684042338663,0.2128639064152862,0.22133248187672044
0.17755102040816326,3.0,3.0,3.0,3.0,3.0,3.0,3.0,3.0,0.20550166908306222,0.1938501484058321,0.18245521380118387,0.17131611423840049,0.1604394319883397,0.149837988626691,0.13953139179855684,0.12954739274055288,0.11992397231891573,0.11071223228819367,0.10198018146719266,0.09381736913753994,0.086339894635649,0.07969437319621626,0.0740577467256193,0.06962773075041556,0.06659818689557066,0.06511886995823901,0.06525166880158485,0.0669465344850187,0.07005334645905494,0.07436222249866113,0.0796487438619743,0.0857058810959847,0.09235873877444924,0.09946700769003766,0.1069212786589323,0.11463739165120247,0.12255089389482506,0.13061236857649272,0.13878376196944803,0.14703559258798013,0.15534486405197717,0.16369351308648558,0.17206725513151713,0.18045472241957808,0.18884681662597969,0.19723621923369292,0.20561701834389237,0.2139844219863886,0.2223345361353936,0.2306641914894095
0.1826530612244898,3.0,3.0,3.0,3.0,3.0,3.0,3.0,3.0,0.20059347161783425,0.1893865432969813,0.17846413789067084,0.16783234446511114,0.15750541702104023,0.14750503326453332,0.13786107938705633,0.12861314393832002,0.11981253901416915,0.11152471556763197,0.10383179539592031,0.09683460750112059,0.0906530564456034,0.08542293907025758,0.0812868670778249,0.0783776677499053,0.07679558431474073,0.07658542920786131,0.077723182733116,0.08011894307239312,0.08363495703790354,0.08811025676306258,0.09338267920161201,0.09930340256838509,0.1057438297735124,0.11259700828549409,0.11977602916701083,0.12721118358712247,0.13484690173585284,0.14263895761045814,0.15055210922087223,0.15855818823985368,0.16663458860817912,0.17476308505246868,0.1829289143979513,0.19112006200542822,0.1993267066427689,0.20754078717238494,0.21575566282573572,0.22396584549538276,0.23216678762459425,0.24035471319991406
0.18775510204081633,3.0,3.0,3.0,3.0,3.0,3.0,3.0,3.0,0.19662607524967382,0.18592592737088387,0.1755443064798329,0.16549444379356512,0.1557983120103462,0.14648605592190814,0.1375967148338986,0.12917939611154688,0.12129457701845488,0.11401518513491445,0.10742692244040052,0.10162703458486715,0.0967205020644069,0.09281268910876597,0.08999818365884572,0.08834710877598102,0.08789215668377025,0.08862069233720757,0.09047513333286669,0.09336159148124501,0.09716350612882127,0.10175581364788783,0.10701631472653587,0.11283295226201417,0.11910733256164717,0.1257555452137876,0.13270737913789435,0.13990477141018465,0.14730002015444144,0.15485405205633795,0.16253487761622726,0.17031627658833934,0.17817670959427132,0.18609843150208497,0.19406677579072168,0.20206957960014424,0.2100967225439921,0.2181397565998005,0.22619160853297696,0.23424633996378127,0.2422989532434537,0.2503452337878801
0.19285714285714287,3.0,3.0,3.0,3.0,3.0,3.0,3.0,3.0,0.1936383748979429,0.18350516102743034,0.17372879086857526,0.1643292107551998,0.15533518334511515,0.14678365543949662,0.1387200912500541,0.13119891879295753,0.12428367654916439,0.1180464344462492,0.11256598439882033,0.10792427837527868,0.10420076714625442,0.10146478235132443,0.09976690809773815,0.09913113976346045,0.09955000066494898,0.10098422143069546,0.10336716716196391,0.10661265378208565,0.11062396638462114,0.11530206861709524,0.12055181357802432,0.12628585936678485,0.1324265915114931,0.13890659790632015,0.1456682384539912,0.15266273567013489,0.159849075703152,0.1671928944069134,0.1746654414143093,0.18224266305971346,0.18990441465561758,0.19763379659956756,0.20541660145579135,0.21324085675225618,0.22109644841260093,0.22897481112633494,0.236868673784544,0.2447718499734145,0.25267906523567796,0.2605858143074927
0.19795918367346937,3.0,3.0,3.0,3.0,3.0,3.0,3.0,3.0,0.19165798494200623,0.18214667015683486,0.17303240265081143,0.16434064266816983,0.15610508288812092,0.14836675122515516,0.1411737366728793,0.13458073821589284,0.12864804656324771,0.1234396328377037,0.11902008686390873,0.1154503184371314,0.11278224992708982,0.11105315196364483,0.11028065925663474,0.11045962685961293,0.1115616810809011,0.11353763303468555,0.11632214802335675,0.11983955608072765,0.12400962892223048,0.12875245731556442,0.13399201443236153,0.13965838132933123,0.14568884697728365,0.15202818250861783,0.15862837826964388,0.16544807545253307,0.1724518574550683,0.17960950779064055,0.18689529727566703,0.19428733294930683,0.2017669819243018,0.20931837198318506,0.21692796457186378,0.22458419294602433,0.23227715725920411,0.23999836848273187,0.24774053368566054,0.2554973760638007,0.2632634840152896,0.2710341844240721
0.2030612244897959,3.0,3.0,3.0,3.0,3.0,3.0,3.0,3.0,0.19069883249812597,0.18185609815468007,0.17344968886729595,0.16550873662603358,0.15806936244032724,0.15117342399988667,0.1448676114729113,0.13920222223754317,0.13422934289325034,0.13000030122203493,0.12656239781348905,0.1239551279138032,0.12220633314242553,0.12132890373636528,0.12131868599783753,0.12215407301418164,0.12379739892860105,0.12619784618462798,0.12929527175879243,0.13302426271794413,0.13731783684129698,0.14211042376390892,0.14733999381282228,0.1529493773458583,0.1588869156314932,0.1651066164613367,0.17156797756045558,0.1782356107679615,0.18507876517535232,0.1920708160884547,0.1991887619184363,0.20641275314732768,0.21372566532423842,0.22111272025612683,0.22856115488499434,0.23605993476948647,0.24359950786112133,0.2511715938612441,0.2587690045165782,0.26638549053601124,0.2740156112511473,0.28165462361644045
0.20816326530612245,3.0,3.0,3.0,3.0,3.0,3.0,3.0,3.0,0.19075963042861163,0.18262126783676733,0.17495477976753465,0.16779077405129264,0.16116510623112912,0.15511732318579385,0.14968929219673974,0.14492352536054112,0.14086107406096207,0.13753902013049626,0.1349877277552215,0.1332281503390557,0.1322695749164585,0.13210818954063516,0.13272675216496901,0.134095441038941,0.1361737376561694,0.13891301080116542,0.14225938871106078,0.14615653426373632,0.15054804272032496,0.15537931341412523,0.16059886429914266,0.16615913974873833,0.1720169044737921,0.17813332804540408,0.18447385677236716,0.19100795271540302,0.19770876036915438,0.204552743885537,0.21151932328218084,0.21859052716324465,0.22575067169514126,0.232986070305646,0.2402847751798,0.24763634956758132,0.255031668771829,0.26246274713684503,0.269922588186873,0.2774050551179221,0.2849047590259438,0.29241696249480253
0.21326530612244898,3.0,3.0,3.0,3.0,3.0,3.0,3.0,3.0,0.19182349433575666,0.18441266040253107,0.17750313695333686,0.1711248153077211,0.16531086103598577,0.16009601305473053,0.15551500779077504,0.1516008188085873,0.14838269996205372,0.14588414233606894,0.14412093885353425,0.14309959700264438,0.14281633387810427,0.14325682081745153,0.14439672914415175,0.14620299523610295,0.14863561137969028,0.1516496885544955,0.15519753752312215,0.1592305634357798,0.16370084290815706,0.16856232744039937,0.17377167710384303,0.1792887673033846,0.18507693025156394,0.1911029965235567,0.19733719646973055,0.2037529711972523,0.2103267316415288,0.21703759386298688,0.2238671100036753,0.2307990075367574,0.23781894440016602,0.24491428403302315,0.2520738919082656,0.25928795358369633,0.2665478133338188,0.2738458318880365,0.28117526154714073,0.2885301368790137,0.29590517923588805,0.30329571344164863
0.21836734693877552,3.0,3.0,3.0,3.0,3.0,3.0,3.0,3.0,0.19385877988701622,0.18718533209721824,0.1810348578333287,0.17543466521675619,0.17041341081192604,0.16599945347405703,0.16221933011345663,0.15909619279614048,0.15664825392022336,0.15488736024535416,0.15381784715788532,0.15343581815039337,0.15372895196898168,0.1546768697308302,0.156252013827935,0.15842092053414075,0.16114572574783123,0.16438573513319826,0.16809891204065852,0.17224317761534177,0.17677746421935484,0.1816625051402801,0.18686137467571928,0.1923398116614334,0.19806636791283436,0.20401242376665513,0.2101521089350087,0.2164621606603858,0.22292174437810736,0.2295122557544885,0.2362171175577632,0.24302158047862388,0.24991253369889954,0.2568783285701256,0.2639086170397084,0.2709942052887411,0.2781269222815077,0.2852995024583428,0.2925054815424969,0.2997391043117453,0.30699524315846655,0.31426932629349325
0.22346938775510203,3.0,3.0,3.0,3.0,3.0,3.0,3.0,3.0,0.1968210040512435,0.19088192651134972,0.18547891865692961,0.18063537178344283,0.17637436433941353,0.17271724412310122,0.16968233795393675,0.16728373747066905,0.16553022252600882,0.16442441440996552,0.1639622486916181,0.16413283076615368,0.1649186935996987,0.16629642712471004,0.16823760412572622,0.17070989804581474,0.17367827870069463,0.1771061813380222,0.1809565673216695,0.18519282363939654,0.1897794767929011,0.19468271996991637,0.19987076875170964,0.20531407001191704,0.2109853923422398,0.21685982596889586,0.22291471730568563,0.2291295593061739,0.23548585451858528,0.24196696375154958,0.24855794979865775,0.2552454228369782,0.26201739189403206,0.2688631250991116,0.2757730202071655,0.2827384860146892,0.2897518346941382,0.29680618468653075,0.303895373554972,0.3110138800714175,0.3181567547520155,0.3253195580487142
0.22857142857142856,3.0,3.0,3.0,3.0,3.0,3.0,3.0,3.0,0.20065554062631408,0.19543628372680327,0.19075766070860234,0.18663841114351787,0.1830956826627142,0.18014395205394057,0.1777940575727129,0.17605236857402687,0.1749201464721159,0.17439315202130537,0.17446153749003207,0.17511003475727976,0.17631841852447167,0.17806219483567845,0.18031344482347247,0.18304174524331593,0.18621509090271066,0.1898007568535446,0.19376605613342987,0.19807896782988874,0.2027086271666361,0.2076256823877586,0.21280253191286902,0.21821345991896376,0.22383469001335596,0.22964437597000326,0.23562254649507144,0.24175101836308585,0.24801328950768514,0.254394421059895,0.26088091505825645,0.26746059266699707,0.27412247622775227,0.2808566773008464,0.28765429197329245,0.294507304068979,0.30140849644208195,0.3083513702242808,0.3153300716938673,0.32233932631164863,0.3293743794021962,0.3364309429325008
0.2336734693877551,3.0,3.0,3.0,3.0,3.0,3.0,3.0,3.0,0.20530069381333763,0.2007771297711212,0.1967909292115734,0.19335598920628855,0.1904837420911378,0.1881824557401317,0.18645659965290454,0.18530635944950574,0.18472734182401024,0.18471049523445188,0.18524225252306245,0.18630488060212907,0.18787700303732063,0.1899342472972757,0.19244996169989714,0.19539594795189377,0.1987431623343179,0.20246234975234192,0.20652458754081243,0.210901727980484,0.21556673852305364,0.22049394609322692,0.22565919649627822,0.2310399422718102,0.2366152728461713,0.24236590012084602,0.24827411119512363,0.2543236981489293,0.26049987297876903,0.26678917405684,0.273179368962262,0.27965935725028956,0.2862190756812993,0.29284940760683875,0.29954209757630684,0.30628967175299676,0.31308536438183016,0.3199230503057476,0.326797183360207,0.3337027403664213,0.34063517037860164,0.34759034880654616
0.23877551020408164,3.0,3.0,3.0,3.0,3.0,3.0,3.0,3.0,0.2106907644413462,0.20683142796862825,0.20349948404040843,0.2007042120384372,0.19845192188128896,0.196745613823632,0.19558464121344754,0.19496449797160895,0.19487676546869226,0.1953092263698688,0.19624613574764627,0.19766862578738587,0.19955521027637674,0.20188234973801122,0.2046250377513696,0.2077573729965039,0.21125308857406752,0.2150860186222303,0.21923049078444226,0.2236616406238101,0.22835565003455116,0.23328991587524195,0.23844315754844958,0.24379547335875068,0.24932835554620006,0.25502467325809286,0.2608686316808421,0.2668457143310455,0.27294261425797717,0.279147158738529,0.285448231004852,0.29183569165740975,0.2983003016836207,0.3048336484141136,0.3114280752877796,0.31807661594402037,0.3247729328967822,0.33151126085258553,0.33828635459869705,0.34509344129492686,0.35192817694284917,0.3587866067711195
0.24387755102040817,3.0,3.0,3.0,3.0,3.0,3.0,3.0,3.0,0.21675880097295003,0.2135271312648144,0.21080752537816144,0.20860513676433112,0.20692194324021637,0.2057567067973857,0.20510487449899747,0.2049585624877471,0.20530665692783961,0.2061350321136779,0.20742687116803843,0.20916306597881867,0.21132266840081754,0.2138833637864626,0.21682194004743321,0.22011472985037472,0.22373800922857126,0.22766834190380725,0.23188286420415033,0.23635951014122594,0.24107717974304116,0.24601585610688714,0.2511566779667702,0.25648197506237597,0.26197527347487465,0.26762127756697823,0.27340583440462995,0.2793158856782481,0.2853394112759766,0.29146536784932614,0.2976836249863801,0.3039849009836544,0.31036069968645585,0.3168032494431078,0.3233054448803563,0.32986079194367696,0.3364633564449821,0.3431077162098851,0.3497889168073002,0.3565024307669025,0.36324412013771645,0.37001020220787767
0.24897959183673468,3.0,3.0,3.0,3.0,3.0,3.0,3.0,3.0,0.2234386365425595,0.2207952312553155,0.21864435425733084,0.21698787092526806,0.21582427660027906,0.2151490846128885,0.21495490697137848,0.21523156805840396,0.2159662933781165,0.2171439725547746,0.21874748322895807,0.22075805674285462,0.22315566467712342,0.22591940612121325,0.2290278782198563,0.23245951631141512,0.2361928941893368,0.2402069791248905,0.24448133989704282,0.248996308962735,0.25373310199506866,0.2586738993562424,0.26380189476301985,0.26910131658361025,0.2745574270181414,0.2801565039887705,0.2858858100052824,0.29173355165791204,0.29768883277739877,0.3037416037292484,0.30988260879536633,0.31610333315074224,0.32239595056703146,0.32875327266504994,0.3351687002879964,0.3416361773690165,0.34815014751269824,0.3547055133927039,0.3612975989802013,0.3679221145542616,0.37457512440066576,0.3812530170756756
0.2540816326530612,3.0,3.0,3.0,3.0,3.0,3.0,3.0,3.0,3.0,0.22857108226842673,0.22694529538388952,0.22578894935900287,0.2250979260849858,0.2248653664518014,0.2250819415422111,0.22573604150980317,0.22681400639916208,0.22830039772802466,0.23017830116765614,0.23242964653419373,0.2350355305390504,0.23797652899833763,0.2412329875647678,0.24478528293578197,0.2486140494644242,0.2527003688362417,0.2570259227769803,0.26157311052947896,0.2663251340748365,0.2712660548211285,0.27638082582383744,0.2816553036290333,0.2870762436342246,0.29263128252285253,0.2983089109116119,0.3040984389043822,0.30998995680714286,0.3159742928473725,0.3220429693718157,0.3281881586741291,0.3344026393294204,0.34067975368422865,0.3470133669635199,0.3533978283063497,0.3598279339233281,0.3662988924772799,0.3728062927186015,0.3793460733549307,0.3859144950971308,0.39250811479741654
0.25918367346938775,3.0,3.0,3.0,3.0,3.0,3.0,3.0,3.0,3.0,0.2367939315724498,0.2356520568527866,0.23495221563463473,0.2346898442935655,0.23485643741342851,0.23544143728317787,0.23643245324130716,0.23781550254708445,0.23957527055815417,0.24169538148025807,0.2441586711326789,0.24694745233430432,0.25004376457467237,0.25342960143617643,0.2570871112960457,0.26099876885661333,0.26514751683970766,0.2695168786329786,0.274091043756972,0.2788549287443774,0.28379421642975367,0.28889537679762667,0.2941456724912921,0.2995331519026445,0.3050466324954808,0.31067567670171997,0.3164105624024882,0.3222422496857683,0.32816234527333216,0.33416306574014304,0.3402372004129748,0.3463780746322948,0.3525795138911173,0.35883580922367764,0.3651416841024781,0.3714922630106941,0.3778830417849371,0.38430985976763565,0.3907688737660535,0.3972565337835799,0.4037695604664454
0.2642857142857143,3.0,3.0,3.0,3.0,3.0,3.0,3.0,3.0,3.0,3.0,0.2447128520243556,0.2444284049972558,0.24455416269643956,0.24508039872081677,0.24599585881998673,0.24728785450237523,0.24894247637794412,0.2509448335695901,0.25327928984800613,0.2559296925530634,0.25887958892917373,0.2621124250211389,0.2656117235055087,0.2693612382178839,0.27334508446186034,0.27754784532769744,0.2819546551509085,0.2865512618904344,0.2913240706188894,0.2962601705267415,0.3013473478884272,0.30657408736270547,0.3119295638398794,0.31740362683708123,0.322986779205554,0.3286701516700069,0.3344454744835437,0.3403050472611772,0.34624170785579783,0.35224880096502703,0.35832014700597664,0.364450011666683,0.3706330764359881,0.37686441032583895,0.3831394429288576,0.3894539388973471,0.3958039738853758,0.4021859119612277,0.40859638447151303,0.4150322703190744
0.2693877551020408,3.0,3.0,3.0,3.0,3.0,3.0,3.0,3.0,3.0,3.0,0.254059381119062,0.25417458676892335,0.2546513654406311,0.2555015618645735,0.2567135633139773,0.258274725264125,0.2601714818155105,0.26238955540058606,0.26491416049702526,0.26773019412457333,0.2708224114866219,0.2741755842941696,0.27777464003715086,0.28160478133768496,0.2856515853523648,0.2899010838991091,0.29433982553081894,0.29895492115759176,0.30373407504480915,0.30866560310945806,0.31373844042872195,0.3189421397903663,0.32426686297826757,0.329703366319287,0.33524298183608287,0.3408775951667456,0.3465996212351454,0.35240197849122834,0.35827806239160315,0.36422171865906094,0.3702272167454112,0.3762892238245407,0.382402779560606,0.3885632718283824,0.3947664135071918,0.40100822042503953,0.40728499049390876,0.41359328404924417,0.41992990538515773,0.42629188546070085
0.27448979591836736,3.0,3.0,3.0,3.0,3.0,3.0,3.0,3.0,3.0,3.0,3.0,0.2641556208241796,0.2649475082677387,0.2660895320069935,0.26756783872713025,0.2693700164897903,0.271483021359849,0.27389330017283203,0.2765869679727905,0.27954996619149275,0.2827682051520885,0.28622769029425355,0.2899146315843634,0.2938155360782329,0.2979172840925949,0.3022071898591626,0.30667304785166977,0.3113031661863722,0.31608638860848676,0.321012106606369,0.32607026315954424,0.33125134954376495,0.3365463965017069,0.34194696095526605,0.3474451092950379,0.3530333981426371,0.35870485334743857,0.36445294785497395,0.37027157897156066,0.3761550454498625,0.38209802473294474,0.3880955506196427,0.3941429915507071,0.4002360296623322,0.4063706407099039,0.41254307492931497,0.4187498388744213,0.4249876782465871,0.43125356171441326,0.4375446657082111
0.2795918367346939,3.0,3.0,3.0,3.0,3.0,3.0,3.0,3.0,3.0,3.0,3.0,3.0,0.2754133206602597,0.2768184061625852,0.27853608729273693,0.28055436210231427,0.2828608140943165,0.2854426722401517,0.288286961089969,0.29138063413301507,0.294710689636376,0.2982642716219338,0.302028756196524,0.3059918236911337,0.310141517322408,0.3144662893127199,0.31895503557205507,0.3235971201483606,0.32838239069610703,0.3333011862048099,0.3383443381812136,0.34350316640192635,0.3487694702575309,0.3541355166032542,0.35959402492175085,0.3651381504957267,0.3707614661854782,0.37645794331137084,0.38222193205518823,0.3880481417176985,0.39393162110270585,0.3998677392400617,0.4058521666107292,0.4118808569955336,0.4179500300346513,0.4240561545564863,0.4301959327114587,0.43636628492769725,0.4425643356909283,0.4487874001394432
0.28469387755102044,3.0,3.0,3.0,3.0,3.0,3.0,3.0,3.0,3.0,3.0,3.0,3.0,0.2860298177674656,0.2876661699656052,0.2895991370988037,0.29181143396627507,0.29429120813880405,0.29702649812510107,0.3000052207580184,0.3032152931724333,0.3066447278343218,0.31028171369614055,0.31411468469570464,0.3181323763018141,0.322323870940108,0.3266786332267984,0.3311865360075134,0.33583787823434114,0.34062339571565897,0.3455342657446614,0.3505621065601016,0.3556989725235085,0.36093734581708387,0.36627012538126225,0.37169061372457807,0.377192502154531,0.3827698548985711,0.38841709251100287,0.3941289748950025,0.3999005842097025,0.40572730788017175,0.41160482188301617,0.4175290744415474,0.4234962702317352,0.42950285517262793,0.4355455018521155,0.4416210956202059,0.4477267213668135,0.4538596509888734,0.4600173315420632
0.2897959183673469,3.0,3.0,3.0,3.0,3.0,3.0,3.0,3.0,3.0,3.0,3.0,3.0,3.0,0.2986128855187609,0.3007406813731677,0.3031274128007427,0.3057627086680919,0.30863541554110946,0.3117343126711446,0.3150482237968993,0.31856610018332504,0.3222770862565051,0.32617057430511187,0.3302362490973337,0.3344641232741266,0.33884456440339006,0.34336831458569084,0.3480265034953573,0.3528106557171674,0.35771269319925647,0.3627249335904237,0.36784008516836986,0.3730512389983339,0.3783518588924337,0.3837357696712425,0.38919714416302437,0.3947304893137599,0.40033063172385985,0.4059927028754356,0.4117121242677484,0.41748459263754095,0.42330606540547394,0.42917274645923015,0.43508107235776994,0.44102769901920363,0.4470094889363346,0.45302349894869387,0.45906696858745344,0.46513730899949113,0.4712320924488601
0.29489795918367345,3.0,3.0,3.0,3.0,3.0,3.0,3.0,3.0,3.0,3.0,3.0,3.0,3.0,3.0,0.3119470941512777,0.3144905461109961,0.3172655970344831,0.3202615460352874,0.3234680129339966,0.32687466842593466,0.33047132853004924,0.3342480093083185,0.3381949708324946,0.34230275265166304,0.34656220156085027,0.3509644924931561,0.35550114332753574,0.3601640243705008,0.36494536323155385,0.369837745767292,0.3748341137186123,0.37992775961089326,0.38511231943051166,0.39038176353430354,0.3957303861933271,0.40115279411953525,0.40664389427475056,0.41219888121610615,0.41781322419116085,0.42348265415934844,0.42920315088407424,0.43497093021163225,0.44078243162860786,0.4466343061686338,0.45252340472151714,0.45844676678289453,0.4644016096700816,0.47038531821954044,0.47639543497298414,0.48242965085239714
0.3,3.0,3.0,3.0,3.0,3.0,3.0,3.0,3.0,3.0,3.0,3.0,3.0,3.0,3.0,0.32319980324056535,0.32589083747645853,0.3287916166435181,0.33189823279367153,0.33520109004205145,0.3386906549364815,0.3423575375926635,0.3461925480995595,0.35018673233010367,0.3543314003484577,0.3586181483686177,0.36303887499451587,0.3675857924452059,0.3722514334192897,0.3770286542056011,0.3819106346003112,0.38689087514283965,0.39196319213473574,0.3971217108575614,0.40236085735893357,0.40767534913078646,0.41306018496154984,0.4185106342044472,0.4240222256681466,0.42959073630333394,0.4352121798296687,0.4408827954217733,0.44659903655038746,0.4523575600551183,0.4581552155084594,0.463989034916231,0.46985622278751726,0.4757541465968702,0.48168032765310315,0.4876324323819722,0.4936082640243485
