n2/n1,0.05,0.05510204081632653,0.06020408163265306,0.0653061224489796,0.07040816326530612,0.07551020408163266,0.08061224489795918,0.08571428571428572,0.09081632653061225,0.09591836734693877,0.10102040816326531,0.10612244897959183,0.11122448979591837,0.11632653061224489,0.12142857142857143,0.12653061224489795,0.13163265306122449,0.13673469387755102,0.14183673469387756,0.1469387755102041,0.1520408163265306,0.15714285714285714,0.16224489795918368,0.1673469387755102,0.17244897959183675,0.17755102040816326,0.1826530612244898,0.18775510204081633,0.19285714285714287,0.19795918367346937,0.2030612244897959,0.20816326530612245,0.21326530612244898,0.21836734693877552,0.22346938775510203,0.22857142857142856,0.2336734693877551,0.23877551020408164,0.24387755102040817,0.24897959183673468,0.2540816326530612,0.25918367346938775,0.2642857142857143,0.2693877551020408,0.27448979591836736,0.2795918367346939,0.28469387755102044,0.2897959183673469,0.29489795918367345,0.3
0.05,3.0,3.0,3.0,3.0,3.0,3.0,3.0,0.4015094036843887,0.3978777790740099,0.39499131209091615,0.3927950642172033,0.391245248220775,0.39030336815292965,0.38993419309827476,0.3901047766006533,0.39078391796618883,0.3919418523245892,0.39355007231958017,0.3955812293078924,0.39800908293830367,0.40080847925191876,0.40395534419438833,0.4074266838140447,0.4112005854254634,0.4152562161431986,0.4195738167100861,0.4241346896252861,0.4289211813303239,0.43391665871679264,0.43910548053801574,0.4444729644865942,0.4500053507782969,0.45568976309014186,0.4615141676601817,0.46746733128639356,0.4735387788755667,0.4797187510999335,0.4859981626262553,0.49236856129366136,0.49882208853547644,0.5053514412680242,0.5119498354065153,0.5186109711145,0.5253289998485337,0.5320984932228896,0.5389144136895401,0.5457720870052777,0.55266717643991,0.5595956586660893,0.5665538012617803
0.05510204081632653,3.0,3.0,3.0,3.0,3.0,3.0,3.0,0.3807417031094567,0.37739002454232007,0.37480382945281376,0.37292644825679594,0.3717125955823018,0.37112214996989107,0.3711181064783902,0.3716656273321299,0.37273154825361116,0.3742841157485799,0.3762928531876974,0.378728501033336,0.3815629988355499,0.3847694886923245,0.3883223271652474,0.3921970973998353,0.39637061644690985,0.4008209350406078,0.40552732865647645,0.41047027973717914,0.4156314516640532,0.42099365546707274,0.4265408104786395,0.4322579002066355,0.4381309246750199,0.4441468503909674,0.4502935589723858,0.4565597953277125,0.46293511613451804,0.46940983922352264,0.4759749943456335,0.48262227568451477,0.48934399637719733,0.4961330452203366,0.502982845669121,0.50988731717832,0.5168408388890522,0.5238382156290247,0.5308746461667834,0.5379456936404713,0.5450472580675124,0.5521755508323758,0.5593270710441747
0.06020408163265306,3.0,3.0,3.0,3.0,3.0,3.0,3.0,0.3606088265786362,0.3575394955316006,0.3552575468125289,0.353704488007272,0.35283335852651343,0.35260216844110914,0.3529718582056186,0.35390540236187434,0.3553673783121108,0.35732376453852943,0.3597418613531067,0.36259027720394554,0.36583894720069654,0.3694591634924493,0.3734236050462022,0.37770635953704507,0.3822829335390055,0.3871302495552752,0.3922266299784024,0.39755176904448253,0.40308669439916134,0.40881372014778594,0.41471639331007254,0.420779435512361,0.4269886815813873,0.4333310164916909,0.43979431189184476,0.44636736321114984,0.4530398281398827,0.45980216708912286,0.4666455860734908,0.47356198232228813,0.4805438928103743,0.48758444580766863,0.4946773154728985,0.5018166794605303,0.5089971794671422,0.5162138846124418,0.5234622575285629,0.5307381230173195,0.538037639127157,0.5453572704982671,0.5526937638246173
0.0653061224489796,3.0,3.0,3.0,3.0,3.0,3.0,3.0,0.3412971489159258,0.3385209857247724,0.33655505409057634,0.33533888222973046,0.3348235981370968,0.33496505005958666,0.3357218050797495,0.33705433012186536,0.3389246419489661,0.34129618029566255,0.34413379278251127,0.3474037726970231,0.35107391587264336,0.3551135768906073,0.3594937134200299,0.3641869130679674,0.36916740075332777,0.3744110269576934,0.3798952386254733,0.3855990352523707,0.3915029130128384,0.39758879978380224,0.4038399837363033,0.41024103787195426,0.4167777425364319,0.4234370075878968,0.4302067955600523,0.4370760468525125,0.44403460771265496,0.451073161545295,0.45818316389819475,0.46535678131944264,0.4725868341629433,0.4798667433261837,0.4871904808356171,0.4945525241453241,0.5019478139804223,0.5093717155347541,0.5168199828200389,0.5242887259586511,0.5317743812126478,0.5392736835461404,0.5467836415254053
0.07040816326530612,3.0,3.0,3.0,3.0,3.0,3.0,3.0,0.32272117727426314,0.3202611249032318,0.3186349067382575,0.3177797625541611,0.31764453842926055,0.3181825112034717,0.3193494611137362,0.3211029568302571,0.32340210653164486,0.326207519447238,0.32948136253926663,0.3331874521747044,0.33729134752302836,0.3417604275540906,0.34656394277653724,0.35167303870853367,0.3570607517182884,0.3627019800129642,0.3685734336553737,0.3746535678818558,0.38092250392880206,0.3873619412315642,0.3939550643689183,0.40068644757950245,0.40754195913294766,0.4145086673337099,0.42157474948891516,0.42872940479043037,0.43596277174592646,0.44326585053955153,0.45063043050324575,0.4580490227270656,0.46551479772346654,0.4730215279791389,0.4805635351723335,0.4881356417980993,0.49573312692389154,0.5033516857897629,0.5109873929677461,0.5186366688016327,0.5262962488592273,0.5339631561428178,0.5416346758189536
0.07551020408163266,3.0,3.0,3.0,3.0,3.0,3.0,3.0,0.30480711227971347,0.3026943395120736,0.30143975834337916,0.3009778350957729,0.3012546071202287,0.3022202363325322,0.3038271964832645,0.30602969196713053,0.3087835303643306,0.3120461841217417,0.31577692302208804,0.31993695740167605,0.3244895609482459,0.32940015822652463,0.33463637187706075,0.3401680303230746,0.3459671401644786,0.35200782908018324,0.35826626557824454,0.3647205617446206,0.3713506645445285,0.3781382404351816,0.38506655719510463,0.3921203660509263,0.3992857864372143,0.4065501950817202,0.4139021205733739,0.42133114413889916,0.42882780701578344,0.4363835245516436,0.4439905069695513,0.45164168660299864,0.45933065131166345,0.46705158373032235,0.47479920597010783,0.48256872937723566,0.49035580895414355,0.4981565020575272,0.5059672310039187,0.5137847492337831,0.5216061107078261,0.5294286422330055,0.5372499184396662
0.08061224489795918,3.0,3.0,3.0,3.0,3.0,3.0,3.0,0.287519884271752,0.28579167694600377,0.28494671108181513,0.2849160023162266,0.28564208610881886,0.2870713308634779,0.28915228702212414,0.29183527167725865,0.29507238147259396,0.2988176616454055,0.3030273118127292,0.3076598709924051,0.31267635531015775,0.3180403391268587,0.3237179802332909,0.3296779951844851,0.33589159339597746,0.34233237934333655,0.3489762318146415,0.3558011681651117,0.36278720025397104,0.369916187424564,0.37717169064972694,0.3845388308730435,0.3920041536591508,0.39955550152328567,0.40718189472784744,0.4148734208910612,0.4226211334269222,0.4304169586042604,0.4382536108559713,0.44612451587005514,0.45402374093785686,0.46194593201034917,0.4698862569113678,0.47784035417043735,0.48580428696186756,0.4937745016672085,0.5017477906120297,0.5097212585632263,0.5176922926082507,0.5256585350717866,0.5336178591578381
0.08571428571428572,3.0,3.0,3.0,3.0,3.0,3.0,3.0,0.2708525140974504,0.2695517055873732,0.2691596347715928,0.2696029729278274,0.27081988525648765,0.2727521398356178,0.2753436718297343,0.2785403653363132,0.2822902198335148,0.2865436247122519,0.2912536252232233,0.2963761288507969,0.30187003385732303,0.3076972793032908,0.3138228250358535,0.32021457428004946,0.3268432525347523,0.33368225575726884,0.3407074791777893,0.347897136078861,0.3552315738507177,0.3626930927831986,0.3702657714690946,0.3779353013972124,0.3856888322937516,0.3935148289960459,0.4014029400742906,0.4093438780151391,0.41732931050998434,0.42535176221931975,0.433404526287235,0.4414815848363852,0.4495775376677493,0.45768753840903015,0.46580723739154195,0.4739327305813114,0.48206051394101074,0.490187442652044,0.49831069467824496,0.506427738202806,0.5145363025173209,0.5226343519856722,0.5307200627457398
0.09081632653061225,3.0,3.0,3.0,3.0,3.0,3.0,3.0,0.2548179828724698,0.25399302276443525,0.2541022320591317,0.25506679834860085,0.2568194722192866,0.25929650866377907,0.26243650219237963,0.26618039052051506,0.2704717749508114,0.275257282849005,0.28048686474910345,0.2861139875690927,0.29209571875378715,0.2983927125646705,0.3049691168153463,0.31179242007743146,0.31883325815487873,0.32606519596396927,0.33346449780549503,0.3410098959247915,0.3486823645089563,0.35646490398368863,0.3643423386584701,0.37230112938810056,0.3803292019068646,0.3884157907791733,0.39655129843182335,0.404727168431139,0.41293577199631565,0.4211703066610646,0.4294247059805698,0.4376935592082775,0.44597203992136775,0.45425584264359853,0.462541126591596,0.47082446575016973,0.47910280456031173,0.48737341857791777,0.4956338795306873,0.5038820242644224,0.5121159271278947,0.520333875397637,0.5285343473906937
0.09591836734693877,3.0,3.0,3.0,3.0,3.0,3.0,3.0,0.23944582277013937,0.2391509994835257,0.23981484743611015,0.2413516563931168,0.2436875636603616,0.24675234414551597,0.25047856574566657,0.2548018216739402,0.2596611819622721,0.26499960254734944,0.27076420358096936,0.27690639873699746,0.28338188870839653,0.2901505449539168,0.29717621283500884,0.30442646130349693,0.31187230203597943,0.31948789598602545,0.3272502606272586,0.33513898710839307,0.3431359732717529,0.3512251759799123,0.3593923843560885,0.3676250142519536,0.37591192339169155,0.38424324609733573,0.39261024618999935,0.4010051865154055,0.40942121350754557,0.4178522552423761,0.4262929315161857,0.4347384745908747,0.44318465936739926,0.45162774187006954,0.4600644050425624,0.468491710967971,0.4769070587281288,0.48530814721100035,0.4936929422590292,0.5020596476262541,0.5104066792783731,0.5187326426283764,0.5270363123516899
0.10102040816326531,3.0,3.0,3.0,3.0,3.0,3.0,3.0,0.22478156558488208,0.22507707617511824,0.2263535147424296,0.228516553319757,0.23148442797645225,0.2351795109891091,0.23952781251783425,0.24445941389387577,0.24990899124424346,0.25581619817457135,0.2621258514183335,0.26878793010417523,0.2757574246148999,0.2829940771403072,0.2904620530458052,0.29812957541709767,0.30596854747986907,0.3139541804880952,0.32206463873878277,0.33028070874547233,0.3385854961893874,0.34696415186881463,0.3554036262662877,0.3638924513493762,0.3724205476471031,0.3809790543686906,0.38956018025536027,0.3981570729070003,0.40676370445267906,0.41537477160203234,0.4239856083000884,0.43259210939603887,0.4411906639175429,0.44977809671111385,0.45835161736335195,0.46690877545637166,0.47544742133387746,0.4839656716628163,0.4924618791704764,0.5009346060196567,0.5093826003563734,0.5178047756268263,0.5262001923141579
0.10612244897959183,3.0,3.0,3.0,3.0,3.0,3.0,3.0,3.0,0.21183929095611173,0.21378994756739886,0.21663469119601816,0.2202826151761545,0.22464797466404565,0.22965001031038174,0.23521349917098075,0.2412692428310262,0.2477543150137015,0.2546120591504316,0.26179188214893706,0.26924890429804915,0.27694352132424144,0.2848409240601686,0.2929106093450364,0.3011259051012565,0.30946352391749543,0.31790315301317945,0.32642708390198855,0.3350198820312329,0.34366809477195254,0.35235999504662413,0.3610853573512528,0.36983526276458045,0.3786019296015987,0.38737856656603087,0.3961592455228465,0.40493879130561883,0.4137126862686985,0.4224769875755474,0.4312282554739854,0.4399634910429143,0.44868008210255894,0.45737575616225035,0.4660485394381365,0.47469672111013406,0.48331882210536825,0.4919135677965555,0.5004798640904906,0.5090167764559591,0.5175235115037787,0.5259994007858223
0.11122448979591837,3.0,3.0,3.0,3.0,3.0,3.0,3.0,3.0,0.19952317082792276,0.202211562134508,0.20579259294876415,0.21016525453999269,0.21523541711577004,0.22091586580156317,0.22712681017812084,0.2337961754521066,0.24085957613543407,0.24826001970939343,0.25594742275667215,0.263878018773605,0.2720137208724792,0.2803214844855911,0.28877269930169763,0.29734262732579647,0.30600989511030413,0.31475604228109594,0.3235651247772746,0.33242336910341597,0.3413188728469941,0.35024134636082155,0.35918189058068944,0.368132806258439,0.37708743032012837,0.3860399955320721,0.3949855101288325,0.4039196545012156,0.4128386924462848,0.42173939484054035,0.43061897391165666,0.43947502655607446,0.4483054853830917,0.4571085763652664,0.4658827821442337,0.4746268101845291,0.4833395650894742,0.492020124495819,0.5006677180506173,0.5092817090471083,0.5178615783583956,0.5264069103601366
0.11632653061224489,3.0,3.0,3.0,3.0,3.0,3.0,3.0,3.0,0.18823222973031273,0.19172073814794258,0.19608822498760717,0.2012232545967545,0.20702379139537783,0.21339722039056971,0.22026057423461223,0.22754042397417484,0.2351724302129504,0.24310065818705098,0.25127676575587476,0.25965915059493827,0.268212115782795,0.27690508972122113,0.28571191898419707,0.29461024088962867,0.30358093517445783,0.31260764990316803,0.3216763946206054,0.33077519299634284,0.339893787254045,0.3490233871713511,0.35815645714120214,0.3672865355624409,0.3764080815940618,0.3855163450201943,0.3946072556119356,0.40367732893171426,0.4127235860080338,0.42174348471934964,0.43073486107329784,0.43969587885976374,0.4486249864012485,0.4575208793288576,0.46638246848333204,0.47520885218338593,0.4839992922228532,0.4927531930577641,0.5014700837277303,0.5101496021257353,0.5187914812888292,0.5273955374312741
0.12142857142857143,3.0,3.0,3.0,3.0,3.0,3.0,3.0,3.0,0.17808719705890058,0.18243247874832674,0.18762741340938924,0.19355089268089362,0.20009450614808783,0.20716219357036378,0.21466989091251454,0.22254481274829968,0.23072445928595017,0.23915548820276086,0.24779256497602428,0.2565972665429075,0.2655370799801558,0.27458451421112634,0.2837163275931413,0.29291286548498713,0.3021574974860201,0.3114361423663046,0.32073686863860784,0.33004955951266557,0.3393656321557777,0.34867780248773894,0.35797988801099406,0.3672666423431776,0.3765336161479384,0.3857770400457221,0.39499372583657577,0.40418098299592364,0.4133365479274377,0.4224585238902772,0.43154532987551314,0.44059565700115505,0.4496084312378103,0.458582781476778,0.46751801211699656,0.4764135794830596,0.48526907149866594,0.49408419013268373,0.5028587362119282,0.5115925962586311,0.52028573106377,0.5289381657517536
0.12653061224489795,3.0,3.0,3.0,3.0,3.0,3.0,3.0,3.0,0.16922289025966655,0.17446959571788279,0.1805179801025112,0.18723953030698856,0.19452223863698737,0.2022694595323625,0.2103986877030046,0.21884008215347484,0.2275348793206357,0.2364338338340813,0.24549577526853794,0.25468632430404825,0.2639767808375148,0.2733431782747391,0.2827654888597305,0.29222696119337793,0.301713570666488,0.31121356481458745,0.32071708763762363,0.33021586917132995,0.33970296876086314,0.34917256243725314,0.3586197664860985,0.36804049072485584,0.3774313161913872,0.38678939292239106,0.3961123542977851,0.4053982450759455,0.41464546077137665,0.4238526964534677,0.4330189033912681,0.4421432522502255,0.4512251017751186,0.46026397207919834,0.46925952181106284,0.47821152859458593,0.48711987223863207,0.4959845202965885,0.5048055156242875,0.5135829656415033,0.5223170330490378,0.5310079277922733
0.13163265306122449,3.0,3.0,3.0,3.0,3.0,3.0,3.0,3.0,0.16178155131899624,0.16795472712694914,0.17486139080680368,0.1823696320842325,0.19036780209280738,0.19876220018259655,0.20747481423117117,0.2164410622185431,0.22560766817434208,0.23493076225886783,0.24437423987046258,0.2539083775989309,0.2635086839453203,0.27315495452018845,0.2828305000533485,0.2925215176706861,0.30221657950068065,0.31190621664667073,0.3215825803387632,0.33123916541972326,0.3408705841531969,0.3504723806867759,0.36004087841078763,0.3695730539917062,0.37906643309100885,0.3885190037636698,0.3979291443141627,0.40729556301228287,0.4166172475690114,0.4258934226702629,0.4351235141845225,0.44430711891555974,0.4534439789766415,0.4625339600281579,0.4715770327544697,0.4805732570643954,0.48952276858816546,0.4984257671158322,0.5072825066812333,0.5160932870441501,0.524858446363298,0.533578354885844
0.13673469387755102,3.0,3.0,3.0,3.0,3.0,3.0,3.0,3.0,0.15590179863806813,0.1629991093776226,0.17074240428985787,0.17900189426931382,0.187670974771818,0.19666259591931487,0.20590601073170892,0.21534387498599233,0.224929752098324,0.23462602746055441,0.24440219912087485,0.2542334945213314,0.2640997595136526,0.2739845695587063,0.2838745196583938,0.2937586568499692,0.3036280258940285,0.3134753046700128,0.32329451066723475,0.33308076389590613,0.34283009467255443,0.35253928719959327,0.36220575179048903,0.3718274201016103,0.3814026589110169,0.3909301989060928,0.40040907566357387,0.40983858057189954,0.4192182198916038,0.4285476805014733,0.4378268011570972,0.44705554831020783,0.4562339957141962,0.4653623071829573,0.47444072198419435,0.4834695424402788,0.49244912338424507,0.5013798631790285,0.5102621960574184,0.5190965855806023,0.5278835190463393,0.5366235027051294
0.14183673469387756,3.0,3.0,3.0,3.0,3.0,3.0,3.0,3.0,0.1517034294089774,0.1596891630441152,0.16821815286700667,0.1771689348661085,0.18644455927809228,0.1959678558125335,0.2056774807476051,0.2155246594415828,0.22547055800287463,0.23548419443812138,0.2455407937189306,0.2556204984761812,0.26570735993357214,0.27578854758721333,0.28585372881936133,0.295894580320832,0.3059044018145073,0.3158778093464435,0.3258104906564562,0.3356990091674675,0.34554064621215913,0.35533327346653754,0.3650752493561475,0.37476533457543276,0.3844026229159648,0.3939864844120254,0.4035165184404465,0.41299251489956496,0.4224144219725962,0.4317823192787488,0.441096395449812,0.4503569293551862,0.45956427434532904,0.46871884500074495,0.4778211059674239,0.4868715625349865,0.4958707526745958,0.504819240302954,0.5137176095787256,0.5225664600704162,0.5313664026614882,0.5401180560804621
0.1469387755102041,3.0,3.0,3.0,3.0,3.0,3.0,3.0,3.0,0.1492701743447707,0.15807334229193692,0.1673089050175811,0.17686934057695916,0.1866709621353516,0.196648631718263,0.20675156635195538,0.21694007035266097,0.22718301848859165,0.23745592868190896,0.24773948863877227,0.2580184282199535,0.2682806538251863,0.2785165811084617,0.28871861803142973,0.2988807622307868,0.3089982856750244,0.3190674863029295,0.3290854913349385,0.33905010066843033,0.34895966154182256,0.3588129677273318,0.3686091780709214,0.37834775037429597,0.3880283875060328,0.3976509933092811,0.4072156363949598,0.4167225203112834,0.42617195889183895,0.4355643558269024,0.4449001876925346,0.45417998982130514,0.4634043445165453,0.4725738712057767,0.4816892182037702,0.4907510558156043,0.4997600705583436,0.5087169603189127,0.5176224302973587,0.5264771896104256,0.5352819484514085,0.5440374157194845
0.1520408163265306,3.0,3.0,3.0,3.0,3.0,3.0,3.0,3.0,0.14863447731356497,0.1581526131869978,0.16799291943789577,0.1780655998839458,0.18830214415159194,0.19865019954012916,0.20906961506013397,0.21952947113289545,0.2300058636000714,0.24048025012802152,0.25093821206209516,0.2613685225499049,0.2717624408548544,0.2821131744019151,0.2924154658834187,0.3026652741900499,0.312859526201432,0.3229959224568922,0.33307278407514707,0.3430889314649889,0.35304358769795224,0.36293630113348657,0.3727668831648946,0.38253535790987386,0.3922419213887763,0.4018869082785755,0.4114707647459049,0.4209940261810929,0.43045729890091033,0.43986124507848046,0.4492065703076007,0.45849401332548884,0.467724337509993,0.476898323840256,0.4860167650678816,0.49508046089209545,0.5040902139696878,0.5130468266206163,0.5219510981145076,0.5308038224431013,0.5396057864998428,0.5483577686010483
0.15714285714285714,3.0,3.0,3.0,3.0,3.0,3.0,3.0,3.0,0.1497690775076012,0.15987753124817386,0.17020694815016668,0.18068653651843603,0.19126299776870986,0.20189617266785523,0.21255567813999066,0.2232184293933618,0.23386682559452107,0.24448741725054976,0.25506992118808186,0.2656064869024011,0.27609114570464344,0.28651939375364205,0.2968878739202634,0.307194131202872,0.3174364233246981,0.3276135730614857,0.3377248523702325,0.34776989093168065,0.3577486035675453,0.3676611323479222,0.37750780020452157,0.3872890736095261,0.39700553243760534,0.40665784554958934,0.4162467509562255,0.4257730396651797,0.4352375425028265,0.44464111934828393,0.4539846503307771,0.46326902863044084,0.4724951545927411,0.4816639309221619,0.490776258764893,0.4998330345254874,0.5088351472907062,0.5177834767565409,0.5266788915728162,0.5355222480347219,0.5443143890628094,0.5530561434229422
0.16224489795918368,3.0,3.0,3.0,3.0,3.0,3.0,3.0,3.0,0.15258851647290586,0.16315298959683214,0.17385231972620757,0.18463364451906228,0.19545737579215147,0.20629397535842084,0.21712135009973063,0.22792293164307667,0.2386862786118501,0.24940205661712794,0.26006328862565625,0.27066479932393145,0.2812027996143298,0.2916745731858431,0.3020782381045055,0.31241256403681117,0.3226768310930797,0.3328707200714887,0.34299422658417517,0.3530475934860368,0.36303125743146675,0.37294580641034464,0.3827919458704649,0.39257047159484226,0.40228224792235534,0.41192819021682536,0.42150925073002427,0.4310264071878701,0.4404806535704192,0.4498729926656913,0.45920443006253975,0.46847596931447144,0.4776886080588054,0.48684333491706405,0.49594112703548754,0.5049829481508933,0.5139697470882171,0.5229024566130743,0.5317819925764088,0.5406092532994466,0.5493851191562336,0.5581104523184415
0.1673469387755102,3.0,3.0,3.0,3.0,3.0,3.0,3.0,3.0,0.15696016445831387,0.16784918546550448,0.17880491734204731,0.1897897705840786,0.20077547135772394,0.21174104126923557,0.22267094750620955,0.23355370453644123,0.24438084837210086,0.25514618592023025,0.26584524270266224,0.2764748533316548,0.2870328552488149,0.297517857745619,0.307929066347673,0.31826614827907407,0.3285291286757056,0.33871831000821984,0.3488342091639041,0.35887750806514745,0.36884901473758525,0.37874963249790256,0.38858033548930504,0.39834214920739514,0.4080361349698477,0.41766337751767685,0.4272249751140262,0.4367220316426821,0.4461556503134412,0.4555269286627218,0.46483695460113833,0.47408680330933234,0.483277534822415,0.49241019217425475,0.5014857999974077,0.510505363494083,0.5194698677092514,0.5283802770496527,0.5372375350026646,0.5460425640172825,0.5547962655161857,0.5634995200133581
0.17244897959183675,3.0,3.0,3.0,3.0,3.0,3.0,3.0,3.0,0.16272103364756815,0.17381559612342665,0.18492654721699012,0.19602827958889552,0.20710119395738824,0.21813076236636436,0.22910632818409193,0.24002014088288973,0.25086663031335205,0.26164186859455946,0.2723431709294558,0.28296879790586493,0.2935177319350382,0.30398950812877623,0.31438408543781193,0.32470174780164285,0.3349430278484213,0.3451086476707273,0.3551994726283092,0.3652164751587685,0.37516070632740656,0.38503327339831944,0.39483532211660627,0.4045680226957138,0.414232558732513,0.4238301184457127,0.43336188776503265,0.4428290448996782,0.45223275609267277,0.461574172328169,0.4708544268061193,0.48007463303576786,0.4892358834286698,0.49833924829508064,0.5073857751660081,0.5163764883779131,0.5253123888688677,0.5341944541444698,0.5430236383794939,0.5518008726274723,0.5605270651154624,0.5692031016053635
0.17755102040816326,3.0,3.0,3.0,3.0,3.0,3.0,3.0,3.0,0.16969543891341846,0.18089456023834044,0.1920754041291883,0.20322117056571345,0.21431851710766955,0.22535750046907788,0.2363308860107071,0.24723351395712545,0.25806179910060234,0.2688133501269914,0.27948668253824854,0.2900810020644742,0.3005960406030429,0.31103193128459905,0.32138911279767257,0.33166825571798414,0.34187020549370756,0.3519959381214713,0.3620465255546267,0.3720231086213281,0.3819268757713953,0.3917590463718215,0.40152085756974476,0.4112135539661204,0.4208383795129882,0.4303965711763005,0.439889354005099,0.44931793732395175,0.4586835118245291,0.4679872473781376,0.47723029142698226,0.48641376784024115,0.49553877614338765,0.5046063910469681,0.513617662215185,0.5225736142259764,0.5314752466833726,0.5403235344502487,0.5491194279755165,0.5578638536946091,0.5665577144860154,0.575201890169809
0.1826530612244898,3.0,3.0,3.0,3.0,3.0,3.0,3.0,3.0,0.1777096657605556,0.1889321337214168,0.2001142177800719,0.21124527818839967,0.22231626601659216,0.2333203328792067,0.24425251770138967,0.25510935414364794,0.2658885322291314,0.2765886295523515,0.2872089031418006,0.2977491295140264,0.3082094818413614,0.3185904354069689,0.32889269458181747,0.3391171362114839,0.34926476556491226,0.3593366819458049,0.36933405177436884,0.37925808747387785,0.3891100308899521,0.3988911402655736,0.408602680017353,0.41824591272723455,0.42782209289242373,0.43733246207491516,0.4467782451680129,0.4561606475561587,0.4654808529902906,0.47474002203690163,0.48393929098725624,0.49307977113556406,0.5021625483526638,0.5111886828958916,0.520159209407128,0.5290751370600871,0.5379374498252313,0.5467471068265892,0.5555050427695555,0.5642121684226293,0.5728693711392218,0.5814775154082427
0.18775510204081633,3.0,3.0,3.0,3.0,3.0,3.0,3.0,3.0,0.186601937872101,0.19778534469292194,0.2089156425384004,0.21998635286122192,0.23099125936267423,0.24192550894704196,0.2527855700046642,0.26356901120341697,0.27427427698003765,0.2849004967009092,0.29544733103456877,0.3059148507649723,0.3163034419052002,0.3266137315446876,0.33684652986311286,0.34700278470829543,0.3570835459424002,0.3670899374004363,0.37702313480019306,0.3868843483221601,0.3966748088677007,0.4063957572250328,0.4160484355419624,0.4256340806344311,0.43515391876029114,0.44460916156546104,0.45400100297009943,0.4633306168097191,0.47259915508329425,0.48180774668968984,0.49095749655692356,0.5000494850872187,0.509084767855511,0.5180643755108701,0.5269893138397737,0.5358605639578121,0.5446790826025953,0.5534458025056452,0.5621616328251393,0.5708274596247086,0.5794441463862049,0.5880125345465869
0.19285714285714287,3.0,3.0,3.0,3.0,3.0,3.0,3.0,3.0,0.1962277980856552,0.2073260917262906,0.2183651532536038,0.22934125940745267,0.24025001067581456,0.25108778843340707,0.2618519075268054,0.2725405166978695,0.2831524542768885,0.29368711180150575,0.304144318120107,0.3145242447510272,0.3248273299046107,0.3350542179359954,0.34520571123152166,0.35528273199985355,0.3652862919173935,0.3752174679958511,0.38507738338352676,0.394867192086276,0.40458806681019754,0.4142411892971662,0.4238277426563502,0.433348905297996,0.4428058461564591,0.45219972095278793,0.46153166929701467,0.47080281246967437,0.48001425175328255,0.48916706720933434,0.49826231681620653,0.5073010358992343,0.5162842367970017,0.5252129087181888,0.5340880177516516,0.54291050699918,0.5516812968058843,0.5604012850676506,0.5690713475987896,0.5776923385460111,0.586265090837335,0.5947904166565978
0.19795918367346937,3.0,3.0,3.0,3.0,3.0,3.0,3.0,3.0,0.2064619629901151,0.21744247819099236,0.22836203829914137,0.23921873716071604,0.2500093237056455,0.26073091666778847,0.27138129768757224,0.28195889959528286,0.2924627198440475,0.3028922231142821,0.3132472522097946,0.3235279520646388,0.3337347068651296,0.3438680887669482,0.35392881636169227,0.36391772115089965,0.3738357205222137,0.3836837959774311,0.39346297559421506,0.40317431990031083,0.4128189105010198,0.4223978409314768,0.43191220931000723,0.4413631124523412,0.45075164117298366,0.460078876553004,0.46934588699579716,0.47855372592614703,0.4877034300150162,0.4967960178342513,0.5058324888629382,0.5148138227813251,0.523740978999729,0.5326148963791927,0.5414364931082742,0.5502066667065973,0.5589262941308797,0.5675962319633727,0.5762173166660898,0.5847903648870595,0.5933161738072025,0.6017955215183782
0.2030612244897959,3.0,3.0,3.0,3.0,3.0,3.0,3.0,3.0,0.2171979031785446,0.2280384682481426,0.23881912670490824,0.24953918705868572,0.2601961275673894,0.27078749714144296,0.28131131199377507,0.2917661092459051,0.30215090344444484,0.3124651182461743,0.3227085172223479,0.3328811416171608,0.34298325701809457,0.35301530871490067,0.3629778847784283,0.37287168571881923,0.38269749963522054,0.3924561818993905,0.402148638561802,0.41177581280629616,0.4213386738994276,0.4308382081818442,0.44027541173269363,0.4496512844064245,0.4589668249969497,0.46822302732921034,0.47742087711468145,0.48656134943695395,0.49564540675752927,0.5046739973514667,0.5136480540984129,0.5225684935675088,0.5314362153452756,0.5402521015642783,0.5490170165975188,0.5577318068894004,0.5663973008989749,0.5750143091352077,0.5835836242673411,0.5921060212962181,0.6005822577747346,0.6090130740675284
0.20816326530612245,3.0,3.0,3.0,3.0,3.0,3.0,3.0,3.0,0.22834619230935976,0.2390326033884128,0.24966178348055246,0.260233878956939,0.27074684600755305,0.28119848520844276,0.2915869159458796,0.3019106801447098,0.31216873225902114,0.32236039371892694,0.3324852993701227,0.34254334602854875,0.35253464661430806,0.3624594906552762,0.3723183108846651,0.3821116552718361,0.39184016373397046,0.4015045488075032,0.411105579635815,0.4206440687190642,0.4301208609581901,0.43953682460218957,0.44889284377412303,0.45818981230725625,0.46742862866935087,0.47661019179165687,0.4857353976509259,0.49480513647888563,0.5038202904950908,0.5127817320767328,0.521690322293528,0.530546909747798,0.5393523296697533,0.5481074032261877,0.5568129370075799,0.5654697226642449,0.5740785366668675,0.5826401401706762,0.5911552789657837,0.5996246834989588,0.6080490689544074,0.6164291353830568
0.21326530612244898,3.0,3.0,3.0,3.0,3.0,3.0,3.0,3.0,0.2398323462103707,0.2503563022916006,0.26082655955791284,0.27124386972333986,0.2816065225928279,0.2919124745144476,0.3021598819945356,0.3123472449295716,0.32247342355988023,0.33253761153822675,0.34253929531097427,0.352478211686547,0.36235430823746073,0.3721677081374216,0.38191867972143184,0.3916076105039911,0.40123498518323925,0.4108013671097215,0.42030738271950463,0.42975370848064365,0.4391410599595349,0.4484701826701887,0.45774184442094235,0.46695682891830903,0.476115930426402,0.4852199493131724,0.49426968834226,0.5032659495922925,0.5122095319046863,0.5211012287769968,0.5299418266322099,0.5387321034054603,0.5474728273989246,0.55616475636338,0.5648086367713727,0.5734052032523683,0.581955178164786,0.590459271283653,0.5989181795858146,0.6073325871173553,0.6157031649301705,0.6240305710765731
0.21836734693877552,3.0,3.0,3.0,3.0,3.0,3.0,3.0,3.0,0.25159458642548854,0.26195207089013156,0.27225974641271905,0.2825188260732917,0.2927278540953862,0.30288489698693033,0.3129881223623271,0.32303597387019056,0.333027210442223,0.342960895109695,0.35283636553448083,0.36265319947149877,0.3724111807431181,0.38211026798407893,0.3917505669110862,0.40133230618551285,0.410855816636976,0.42032151350009805,0.4297298812904071,0.4390814609604962,0.4483768390103767,0.4576166382644601,0.46680151006592746,0.4759321276747456,0.48500918068719795,0.49403337032232786,0.5030054054443514,0.5119259992102315,0.5207958662486698,0.5296157202911898,0.5383862721881253,0.5471082282525653,0.5557822888839294,0.5644091474301097,0.5729894892532474,0.5815239909693848,0.5900133198366105,0.598458133270019,0.6068590784649458,0.6152167921126092,0.6235319001945551,0.6318050178442303
0.22346938775510203,3.0,3.0,3.0,3.0,3.0,3.0,3.0,3.0,0.2635817563555272,0.27377180395624046,0.2839159809194676,0.2940158699326926,0.3040702280583277,0.31407721510013464,0.32403500666163354,0.33394199470693264,0.34379684552587764,0.35359850213905936,0.3633461646756307,0.37303926295682294,0.3826774276019649,0.39226046244898743,0.40178831943137727,0.41126107626317965,0.4206789169074814,0.4300421146336158,0.43935101740207244,0.44860603530202925,0.45780762977771255,0.4669563044023749,0.47605259698518687,0.4850970728230352,0.49409031893423566,0.5030329391337811,0.5119255498296765,0.5207687764372804,0.529563250323528,0.5383096062057434,0.5470084799407107,0.5556605066490069,0.5642663191275599,0.5728265465101525,0.581341813141358,0.589812737634292,0.5982399320867434,0.6066240014338145,0.6149655429182337,0.6232651456621171,0.6315233903261693,0.6397408488442301
0.22857142857142856,3.0,3.0,3.0,3.0,3.0,3.0,3.0,3.0,0.27575148747764294,0.2857752638267399,0.2957569745528201,0.3056985102183149,0.3155988194354471,0.32545615350170815,0.33526870467924313,0.34503482746567854,0.3547531123564593,0.3644224000814815,0.3740417707801767,0.3836105230986084,0.3931281500984391,0.40259431520007694,0.4120088296235846,0.42137163191928295,0.43068276974338676,0.4399423838188944,0.4491506939222415,0.4583079866971917,0.4674146050899952,0.4764709392083692,0.4854774184227508,0.4944345045469245,0.5033426859540808,0.5122024725023121,0.5210143911599818,0.5297789822360551,0.5384967961333887,0.5471683905542296,0.5557943280969316,0.5643751741913059,0.5729114953272855,0.581403857537796,0.5898528251020907,0.5982589594403935,0.606622818174641,0.6149449543335114,0.6232259156828351,0.6314662441649955,0.639666475433094,0.6478271384675047
0.2336734693877551,3.0,3.0,3.0,3.0,3.0,3.0,3.0,3.0,0.2880686347599863,0.2979287648803483,0.3077503962675825,0.31753568975546903,0.3272837734090529,0.33699299500285534,0.34666157704917105,0.35628785469291446,0.3658703627788167,0.3754078603996079,0.3848993279489225,0.39434395219416907,0.40374110669564384,0.4130903311366809,0.4223913112926362,0.4316438604331788,0.4408479024681549,0.4500034568957718,0.4591106254843924,0.46816958055901875,0.47718055473996757,0.48614383197741423,0.49505973973191386,0.5039286421623975,0.5127509341964949,0.5215270363716776,0.5302573903488004,0.5389424550116916,0.5475827030773479,0.5561786181509857,0.5647306921687454,0.5732394231783262,0.5817053134143464,0.590128867630881,0.5985105916585528,0.6068509911577905,0.6151505705435667,0.6234098320601102,0.631629274986849,0.6398093949592363,0.6479506833901871,0.6560536269796465
0.23877551020408164,3.0,3.0,3.0,3.0,3.0,3.0,3.0,3.0,0.300503937538249,0.3102040619533977,0.31986891256936895,0.32950095470566043,0.3390994839004463,0.3486629514296096,0.3581896245611653,0.3676778376521339,0.37712609034594546,0.3865330810662393,0.3958977110997875,0.4052190751326095,0.41449644588687584,0.42372925669043476,0.4329170839207225,0.4420596302862436,0.4511567093879771,0.46020823172257497,0.46921419213905063,0.4781746586827733,0.48708976272323146,0.49595969024749437,0.5047846741993927,0.5135649877493241,0.5223009383878602,0.5309928627459949,0.5396411220548494,0.5482460981672681,0.5568081900727222,0.565327810845127,0.5738053849705198,0.5822413460080962,0.5906361345438665,0.5989901964012789,0.6073039810776033,0.6155779403787569,0.6238125272286587,0.6320081946321526,0.6401653947731375,0.6482845782317895,0.6563661933067305,0.6644106854297216
0.24387755102040817,3.0,3.0,3.0,3.0,3.0,3.0,3.0,3.0,0.3130326121573173,0.3225774243787585,0.3320893753826304,0.3415717418909657,0.3510239669028769,0.3604446108725884,0.36983199916384063,0.37918448244734854,0.38850054421357677,0.39777884195934193,0.4070182175014078,0.4162176924726514,0.4253764568726807,0.43449385470705104,0.4435693688267775,0.45260260606979125,0.46159328325789334,0.47054121429972173,0.47944629848187403,0.48830850993788116,0.49712788823580983,0.5059045300015746,0.514638581485865,0.5233302319817448,0.5319797080036806,0.5405872681448224,0.5491531985364538,0.5576778088408755,0.5661614287161424,0.5746044046978237,0.5830070974491365,0.5913698793364258,0.5996931322920018,0.6079772459308239,0.6162226158915128,0.6244296423756615,0.6325987288625382,0.6407302809789773,0.6488247055066535,0.6568824095110399,0.6649037995781935,0.6728892811471286
0.24897959183673468,3.0,3.0,3.0,3.0,3.0,3.0,3.0,3.0,0.3256318383113966,0.3350288599506753,0.3443921460734856,0.35372877334352987,0.36303832215839116,0.3723194577328094,0.38157057508292347,0.390790055904183,0.3999763843137367,0.40912819458123,0.41824428691444565,0.42732362742014457,0.43636534025254836,0.44536869613072233,0.4543330994681537,0.4632580753277493,0.4721432568480236,0.4809883734662232,0.4897932400814582,0.4985577471967133,0.5072818520201309,0.5159655704745202,0.5246089700486624,0.5332121634181075,0.541775302762848,0.5502985747120722,0.5587821958507019,0.5672264087276574,0.5756314783112728,0.5839976888426583,0.592325341042895,0.6006147496346786,0.6088662411433414,0.6170801519460902,0.6252568265417977,0.6333966160168184,0.6414998766850836,0.6495669688832045,0.6575982559034961,0.6655941030497807,0.6735548768025346,0.6814809440814549
0.2540816326530612,3.0,3.0,3.0,3.0,3.0,3.0,3.0,3.0,3.0,0.347541375171357,0.35676055344038127,0.3659555454893741,0.3751262740203671,0.3842714593302221,0.39338957590791174,0.40247904861221173,0.41153837635208773,0.42056618547894453,0.4295612503170905,0.438522497106204,0.4474489994253917,0.45633996938043886,0.4651947468960195,0.47401278841400424,0.4827936557188134,0.4915370052784719,0.5002425782964629,0.5089101915559805,0.517539729071945,0.526131134528287,0.5346844044573577,0.5431995821081536,0.5516767519462116,0.5601160347280116,0.5685175830948637,0.5768815776346294,0.5852082233635415,0.593497746584494,0.6017503920822507,0.6099664206198921,0.6181461067044489,0.6262897365930223,0.6343976065137173,0.6424700210784863,0.6505072918674325,0.6585097361663648,0.6664776758413569,0.674411436335843,0.6823113457773414,0.6901777341823173
0.25918367346938775,3.0,3.0,3.0,3.0,3.0,3.0,3.0,3.0,3.0,0.36008511040324215,0.3691804908956432,0.3782379069073294,0.3872737810788984,0.39628671177106534,0.40527525228304045,0.4142378812548855,0.42317312390137857,0.4320796115142379,0.440956106029719,0.44980150748487824,0.45861485239560024,0.467395307395302,0.4761421605464208,0.48485481169308503,0.49353276263597384,0.5021756075697928,0.5107830240222726,0.5193547644129536,0.5278906482776062,0.5363905551610607,0.5448544181561856,0.5532822180529322,0.5616739780545431,0.5700297590154704,0.5783496551556692,0.5866337902075967,0.5948823139547429,0.6030953991235225,0.6112732385934265,0.6194160428934641,0.6275240379558765,0.6355974631009418,0.6436365692292495,0.6516416172002505,0.6596128763780228,0.6675506233271894,0.6754551406436675,0.6833267159065587,0.6911656407388742,0.6989722099661118
0.2642857142857143,3.0,3.0,3.0,3.0,3.0,3.0,3.0,3.0,3.0,3.0,0.38164202614027565,0.390563759022947,0.39946870333614226,0.4083531374700042,0.41721560446899314,0.4260546498199056,0.4348688342432662,0.443656804471459,0.45241732138495877,0.4611492705129416,0.46985166305101245,0.4785236317294887,0.48716442399097887,0.4957733938951532,0.5043499935784892,0.5128937647512504,0.5214043305069567,0.5298813875936323,0.5383246992189755,0.5467340884142938,0.5551094319534552,0.5634506548062442,0.5717577250961214,0.5800306495277047,0.588269469247612,0.5964742561024614,0.6046451092591127,0.6127821521541436,0.6208855297418123,0.6289554060121295,0.6369919617530365,0.6449953925330002,0.6529659068825042,0.6609037246549644,0.6688090755494587,0.6766821977794026,0.6845233368728518,0.6923327445915506,0.700110677957116,0.7078573983739274
0.2693877551020408,3.0,3.0,3.0,3.0,3.0,3.0,3.0,3.0,3.0,3.0,0.39413324829124896,0.40292278299827716,0.41170052343520275,0.42046022593422133,0.4292001441668985,0.43791890521350973,0.4466151144102314,0.4552874422093842,0.4639346577577638,0.47255564191665583,0.48114939061184836,0.4897150127121644,0.4982517249155775,0.5067588450954978,0.5152357849702522,0.5236820426110859,0.5320971950935659,0.5404808914676333,0.5488328461407722,0.5571528327182576,0.5654406783129299,0.5736962583176316,0.5819194916218726,0.5901103362478254,0.5982687853775002,0.606394863741835,0.6144886243425971,0.6225501454789947,0.630579528052375,0.6385768931240956,0.6465423797034865,0.6544761427446647,0.6623783513327479,0.6702491870417233,0.6780888424478273,0.6858975197837884,0.6936754297206402,0.7014227902650888,0.7091398257615458,0.7168267659889933
0.27448979591836736,3.0,3.0,3.0,3.0,3.0,3.0,3.0,3.0,3.0,3.0,3.0,0.4153051699063764,0.42396022550705603,0.4325988054918812,0.4412196901101039,0.44982146302089193,0.4584027939370522,0.4669623835223416,0.4754990166614007,0.4840115776958492,0.49249905576597414,0.5009605444871096,0.5093952383870017,0.5178024275789775,0.526181491559385,0.5345318926700248,0.5428531695541697,0.5511449308027379,0.5594068489038778,0.5676386545562371,0.5758401313724364,0.5840111109779269,0.5921514684970994,0.6002611184105096,0.6083400107625383,0.6163881276965508,0.6244054802938361,0.6323921056928022,0.6403480644656647,0.6482734382310217,0.6561683274820088,0.664032849611179,0.6718671371146454,0.6796713359594645,0.6874456040995469,0.6951901101266803,0.7029050320444071,0.7105905561536213,0.7182468760397389,0.7258741916522394
0.2795918367346939,3.0,3.0,3.0,3.0,3.0,3.0,3.0,3.0,3.0,3.0,3.0,3.0,0.43624016903684476,0.444760834453752,0.45326618998758383,0.46175423952540634,0.47022377104566676,0.4786735239817685,0.4871023046478294,0.4955090074945997,0.5038926219463643,0.5122522336605753,0.520587022363441,0.528896257734772,0.5371792942482326,0.5454355655265,0.5536645785584262,0.5618659079920202,0.5700391906320524,0.5781841202163444,0.5863004425093293,0.594387950728539,0.6024464813049447,0.6104759099688193,0.6184761481471298,0.6264471396552804,0.6343888576644082,0.6423013019249116,0.6501844962270743,0.6580384860802392,0.6658633365928844,0.6736591305369867,0.6814259665811512,0.6891639576781233,0.6968732295933867,0.7045539195626388,0.7122061750669068,0.7198301527150573,0.7274260172243031,0.7349939404901438
0.28469387755102044,3.0,3.0,3.0,3.0,3.0,3.0,3.0,3.0,3.0,3.0,3.0,3.0,0.44850161929407867,0.45693948082021196,0.465332549845996,0.4737101099693835,0.4820708793149905,0.49041367021971893,0.49873731486799777,0.5070407230305617,0.5153228902281459,0.5235829002765676,0.5318199243727934,0.5400332180785817,0.5482221171176161,0.5563860325590133,0.5645244457482728,0.5726369032131244,0.5807230116857623,0.5887824333270141,0.5968148812012826,0.6048201150269242,0.6127979372108986,0.6207481891662198,0.6286707479041951,0.6365655228894255,0.6444324531432298,0.652271504580043,0.6600826675609406,0.667865954648643,0.675621398548786,0.6833490502229959,0.6910489771600566,0.6987212617923785,0.7063660000458184,0.7139833000118154,0.7215732807316174,0.7291360710832081,0.7366718087622894,0.7441806393493982
0.2897959183673469,3.0,3.0,3.0,3.0,3.0,3.0,3.0,3.0,3.0,3.0,3.0,3.0,3.0,0.469130416480837,0.47741243551815865,0.48568278025808603,0.49393777222402363,0.5021764303644762,0.51039762331085,0.5186002798867251,0.5267834063941241,0.534946089878894,0.5430874982986468,0.5512068784969065,0.5593035528724933,0.5673769153262598,0.5754264268564139,0.5834516110403506,0.591452049554652,0.5994273778282431,0.6073772808861178,0.615301489416004,0.6231997760736153,0.6310719520310228,0.6389178637654028,0.6467373900807409,0.654530439352154,0.6622969469808775,0.670036873047111,0.6777502001476892,0.6854369314056797,0.6930970886394004,0.7007307106788875,0.7083378518185012,0.7159185803950172,0.7234729774812886,0.7310011356862237,0.7385031580525343,0.7459791570443366,0.7534292536173156
0.29489795918367345,3.0,3.0,3.0,3.0,3.0,3.0,3.0,3.0,3.0,3.0,3.0,3.0,3.0,3.0,0.48950086334326726,0.49766663677187567,0.5058188219177155,0.5139561186517085,0.5220774979298588,0.5301819111066531,0.538268378817811,0.5463359954896098,0.5543839302603165,0.5624114258357148,0.5704177959491424,0.5784024220071137,0.5863647492989637,0.5943042830162328,0.6022205842413589,0.6101132660083094,0.6179819894996728,0.6258264604190631,0.63364642556031,0.6414416695831913,0.6492120119975572,0.6569573043525035,0.6646774276238396,0.6723722897910266,0.6800418235935312,0.6876859844559773,0.6953047485712838,0.7028981111311278,0.710466084693361,0.7180086976764678,0.7255259929716306,0.7330180266635559,0.7404848668517248,0.7479265925643485,0.755343292757794,0.7627350653948296
0.3,3.0,3.0,3.0,3.0,3.0,3.0,3.0,3.0,3.0,3.0,3.0,3.0,3.0,3.0,0.5015997435059185,0.5096565184021253,0.517709017444982,0.525747672291123,0.5337718190911536,0.5417804511831384,0.5497726059268199,0.5577473884201561,0.5657039726377926,0.5736416010022615,0.5815595825558527,0.5894572902427554,0.5973341576834799,0.6051896756928513,0.6130233887071493,0.6208348912290523,0.6286238243607113,0.6363898724691952,0.6441327600107373,0.6518522485279992,0.6595481338262149,0.6672202433284402,0.6748684336063251,0.6824925880803869,0.6900926148822049,0.697668444870101,0.7052200297894042,0.7127473405683379,0.7202503657406271,0.7277291099862204,0.7351835927818374,0.7426138471534836,0.750019918523495,0.7574018636451414,0.7647597496182506,0.7720936529797786
