problem,n,m,method,f,sse,rmsd,gradient_norm,iterations,function_evaluations,gradient_evaluations,execution_time_seconds,converged,status,x0,solution
mgh01,2,2,ffjm2_bfgs,3.0526827536730453e-24,6.1053655073460905e-24,1.7471928209768505e-12,3.667562484439266e-11,2,8,3,5.397669794,true,gradient_converged,"[-1.2, 1.0]","[1.0000000000019136, 1.0000000000036708]"
mgh01,2,2,ffjm2_trust_bfgs,9.654893270903252e-27,1.9309786541806503e-26,9.825931645855904e-14,1.1123448315173165e-12,4,5,5,0.725370546,true,gradient_converged,"[-1.2, 1.0]","[1.0000000000001317, 1.000000000000259]"
mgh01,2,2,ffjm2_box_bfgs,1.4396711520283465e-29,2.879342304056693e-29,3.794299872214038e-15,4.533409173378307e-14,3,10,4,0.104867273,true,gradient_converged,"[-1.2, 1.0]","[1.0000000000000049, 1.00000000000001]"
mgh01,2,2,bfgs_backtracking2,1.9811212969866065e-22,3.962242593973213e-22,1.4075231070879819e-11,3.687402878681231e-10,39,53,40,0.028542577,true,gradient_converged,"[-1.2, 1.0]","[1.0000000000118199, 1.0000000000220381]"
mgh02,2,2,ffjm2_bfgs,24.492126839620006,48.98425367924001,4.948952095102559,9.287850084095668e-10,9,30,10,0.067535479,true,gradient_converged,"[0.5, -2.0]","[11.412778986875052, -0.8968052532781386]"
mgh02,2,2,ffjm2_trust_bfgs,24.492126839620013,48.98425367924003,4.94895209510256,1.3747711143740692e-9,8,9,9,0.076311896,true,gradient_converged,"[0.5, -2.0]","[11.412778983935945, -0.8968052534520712]"
mgh02,2,2,ffjm2_box_bfgs,24.492126839620017,48.984253679240034,4.94895209510256,8.482322061248858e-10,15,38,16,0.129578406,true,gradient_converged,"[0.5, -2.0]","[11.412778986779756, -0.8968052532836178]"
mgh02,2,2,bfgs_backtracking2,1.1069296222061238e-26,2.2138592444122475e-26,1.0521072294239422e-13,2.198150974748396e-12,10,15,11,2.9475e-5,true,gradient_converged,"[0.5, -2.0]","[5.0000000000001155, 3.999999999999999]"
mgh03,2,2,ffjm2_bfgs,2.4305632492862285e-10,4.861126498572457e-10,1.559026378637074e-5,1.9305567260169245e-9,153,1443,154,3.597855391,true,gradient_converged,"[0.0, 1.0]","[1.0717429435520261e-5, 9.330595603918358]"
mgh03,2,2,ffjm2_trust_bfgs,0.0023300259499184975,0.004660051899836995,0.04827034234308368,0.00466847453605827,1000,1014,1001,10.774514189,false,maximum_iterations,"[0.0, 1.0]","[3.728076291701753e-5, 2.6823553666716107]"
mgh03,2,2,ffjm2_box_bfgs,1.775754303013872e-8,3.551508606027744e-8,0.00013325743142556334,1.040167097317513e-7,1000,17804,1001,20.029698723,false,maximum_iterations,"[0.0, 1.0]","[1.2331808272064653e-5, 8.109110847824208]"
mgh03,2,2,bfgs_backtracking2,5.053640174072107e-30,1.0107280348144214e-29,2.248030287623391e-15,2.830752396078957e-10,173,233,174,0.000226579,true,gradient_converged,"[0.0, 1.0]","[1.0981593296991694e-5, 9.10614673987187]"
mgh04,2,3,ffjm2_bfgs,9.860761315271616e-32,1.972152263054323e-31,2.5639502485125845e-16,4.4408920985048613e-10,5,48,6,0.020774882,true,gradient_converged,"[1.0, 1.0]","[1.0e6, 2.0000000000000003e-6]"
mgh04,2,3,ffjm2_trust_bfgs,0.0,0.0,0.0,0.0,23,24,24,0.339153202,true,residual_converged,"[1.0, 1.0]","[1.0e6, 2.0e-6]"
mgh04,2,3,ffjm2_box_bfgs,0.0,0.0,0.0,0.0,6,61,7,0.056356575,true,residual_converged,"[1.0, 1.0]","[1.0e6, 2.0e-6]"
mgh04,2,3,bfgs_backtracking2,9.860761315271616e-32,1.972152263054323e-31,2.5639502485125845e-16,4.4408920985048613e-10,13,40,14,4.1126e-5,true,gradient_converged,"[1.0, 1.0]","[1.0e6, 2.0000000000000003e-6]"
mgh05,2,3,ffjm2_bfgs,2.0536318718512032e-23,4.1072637437024064e-23,3.700118801562281e-12,1.0879451522857429e-11,8,19,9,0.060004289,true,gradient_converged,"[1.0, 1.0]","[2.999999999984804, 0.4999999999966543]"
mgh05,2,3,ffjm2_trust_bfgs,3.503294302231581e-26,7.006588604463162e-26,1.5282439382575853e-13,1.902520948163179e-13,8,9,9,0.073608197,true,gradient_converged,"[1.0, 1.0]","[3.000000000000655, 0.5000000000001702]"
mgh05,2,3,ffjm2_box_bfgs,1.4354704677080447e-26,2.8709409354160893e-26,9.782537052346713e-14,6.580385149754581e-14,8,19,9,0.063183985,true,gradient_converged,"[1.0, 1.0]","[2.9999999999995763, 0.49999999999989436]"
mgh05,2,3,bfgs_backtracking2,2.500895342872257e-22,5.001790685744514e-22,1.2912256045768447e-11,1.0795509381222512e-10,18,22,19,4.0027e-5,true,gradient_converged,"[1.0, 1.0]","[2.9999999999865765, 0.5000000000011922]"
mgh06,2,10,ffjm2_bfgs,1010.0,2020.0,14.212670403551895,4.822745531992369e-24,1,10,2,8.1656e-5,true,gradient_converged,"[0.3, 0.4]","[-55.07499321463552, -142.80668870583]"
mgh06,2,10,ffjm2_trust_bfgs,62.181091177807396,124.36218235561479,3.5265022664903363,3.1041832448587047e-10,13,24,14,0.225630899,true,gradient_converged,"[0.3, 0.4]","[0.2578252136703735, 0.25782521367036115]"
mgh06,2,10,ffjm2_box_bfgs,1010.0,2020.0,14.212670403551895,4.822745531992369e-24,1,10,2,8.0724e-5,true,gradient_converged,"[0.3, 0.4]","[-55.07499321463552, -142.80668870583]"
mgh06,2,10,bfgs_backtracking2,1010.0,2020.0,14.212670403551895,1.161570550373405e-28,1,10,2,2.6147e-5,true,gradient_converged,"[0.3, 0.4]","[-65.70890395282613, -170.30731771551737]"
mgh07,3,3,ffjm2_bfgs,2.5647759993251384e-24,5.129551998650277e-24,1.3076125826164105e-12,4.815108630922691e-12,8,21,9,0.088948657,true,gradient_converged,"[-1.0, 0.0, 0.0]","[1.0000000000000315, 1.4013411972854017e-12, 2.2404845479761673e-12]"
mgh07,3,3,ffjm2_trust_bfgs,3.041768435899148e-22,6.083536871798296e-22,1.4240244463957651e-11,4.6311278617963975e-10,7,8,8,0.079680876,true,gradient_converged,"[-1.0, 0.0, 0.0]","[1.00000000000005, 1.90782675437871e-12, 5.710852945445959e-13]"
mgh07,3,3,ffjm2_box_bfgs,2.082946911215957e-25,4.165893822431914e-25,3.726434320022253e-13,1.2076683940198012e-11,8,22,9,0.072567035,true,gradient_converged,"[-1.0, 0.0, 0.0]","[1.0000000000000002, -6.931129406989632e-14, -4.5932645450240364e-14]"
mgh07,3,3,bfgs_backtracking2,5.236320261563365e-19,1.047264052312673e-18,5.908367096225129e-10,5.028697146926833e-9,29,41,30,6.3363e-5,true,gradient_converged,"[-1.0, 0.0, 0.0]","[0.9999999999980391, -6.108499822114774e-10, -9.957338127193799e-10]"
mgh08,3,15,ffjm2_bfgs,0.0041074386532894865,0.008214877306578973,0.02340210433070635,9.507378815097895e-11,7,18,8,0.064312031,true,gradient_converged,"[1.0, 1.0, 1.0]","[0.08241055971479236, 1.133036090612588, 2.343695180010766]"
mgh08,3,15,ffjm2_trust_bfgs,0.004107438653289484,0.008214877306578968,0.023402104330706344,2.24426106785091e-10,5,6,6,0.049572098,true,gradient_converged,"[1.0, 1.0, 1.0]","[0.08241056039936578, 1.133036113178164, 2.343695158390501]"
mgh08,3,15,ffjm2_box_bfgs,0.004107438653289489,0.008214877306578978,0.023402104330706358,5.6918305729639954e-12,6,15,7,0.04704003,true,gradient_converged,"[1.0, 1.0, 1.0]","[0.08241055975083172, 1.133036092084285, 2.343695178587273]"
mgh08,3,15,bfgs_backtracking2,0.004107438653289492,0.008214877306578983,0.023402104330706365,7.394161492709181e-10,27,34,28,0.000108287,true,gradient_converged,"[1.0, 1.0, 1.0]","[0.08241055957207155, 1.1330360875689756, 2.3436951829426325]"
mgh09,3,15,ffjm2_bfgs,5.639664354723257e-9,1.1279328709446514e-8,2.7421802407873087e-5,8.619500075099817e-9,2,6,3,0.011817088,true,gradient_converged,"[0.4, 1.0, 0.0]","[0.39895612618002657, 1.0000189646510829, -3.575184951733936e-21]"
mgh09,3,15,ffjm2_trust_bfgs,5.6396638480921236e-9,1.1279327696184247e-8,2.7421801176173978e-5,5.843631849377809e-13,2,3,3,0.017152854,true,gradient_converged,"[0.4, 1.0, 0.0]","[0.39895613783958317, 1.000019084496091, 4.633612659153929e-17]"
mgh09,3,15,ffjm2_box_bfgs,5.639663848095614e-9,1.1279327696191229e-8,2.7421801176182462e-5,4.0669993585840745e-13,3,8,4,0.022848312,true,gradient_converged,"[0.4, 1.0, 0.0]","[0.39895613783819156, 1.0000190844820784, 3.2464595251387704e-22]"
mgh09,3,15,bfgs_backtracking2,5.639663848431548e-9,1.1279327696863096e-8,2.742180117699917e-5,1.5521307719980087e-9,4,6,5,4.0459e-5,true,gradient_converged,"[0.4, 1.0, 0.0]","[0.3989561382713217, 1.0000190844570773, 1.225054448470418e-20]"
mgh10,3,16,ffjm2_bfgs,52624.656059472356,105249.31211894471,81.10537594656746,1203.9739372869876,1000,12967,1001,282.809571635,false,maximum_iterations,"[0.02, 4000.0, 250.0]","[0.09492675992706813, 4049.102953956588, 265.95655975574726]"
mgh10,3,16,ffjm2_trust_bfgs,43.9729275851777,87.9458551703554,2.3444862866195684,0.7973044011892656,64,140,65,3.114296967,false,trust_region_stalled,"[0.02, 4000.0, 250.0]","[0.0056096364710444884, 6181.346346284887, 345.22363462408646]"
mgh10,3,16,ffjm2_box_bfgs,42037.96727411511,84075.93454823022,72.48962621826925,128.6429852704507,1000,11821,1001,19.863091836,false,maximum_iterations,"[0.02, 4000.0, 250.0]","[0.07393084736025425, 4218.455065722966, 272.88112101920746]"
mgh10,3,16,bfgs_backtracking2,43.97292758504964,87.94585517009928,2.344486286616154,2.281500221901915,386,552,386,0.001577045,true,step_converged,"[0.02, 4000.0, 250.0]","[0.005609636498023731, 6181.346342284814, 345.2236344898585]"
mgh11,3,100,ffjm2_bfgs,2.4076065665387403,4.815213133077481,0.2194359390135873,5.2977195986212005,1000,6780,1001,22.170719428,false,maximum_iterations,"[5.0, 2.5, 0.15]","[0.00861327609030317, 24.03622209141232, -0.34090267566224713]"
mgh11,3,100,ffjm2_trust_bfgs,1.2124634033619197,2.4249268067238394,0.1557217649117759,1.732529277477434,1000,1015,1001,16.109189909,false,maximum_iterations,"[5.0, 2.5, 0.15]","[5.1867304217012824e-5, 3.2010179820042164, -0.7854087242607131]"
mgh11,3,100,ffjm2_box_bfgs,0.4034352777462066,0.8068705554924132,0.08982597372099081,5.596177852464712e-10,218,1605,219,5.363484465,true,gradient_converged,"[5.0, 2.5, 0.15]","[0.0033698522985403287, 9.953452028347146e-5, -2.202877308468195]"
mgh11,3,100,bfgs_backtracking2,0.4034352777462066,0.8068705554924132,0.08982597372099081,9.022248201838542e-10,152,245,153,0.005901618,true,gradient_converged,"[5.0, 2.5, 0.15]","[3.6360756155806216e-6, 0.0022122721512513872, -2.2028773084682087]"
mgh12,3,10,ffjm2_bfgs,4.510429222871621e-22,9.020858445743241e-22,9.497819984471827e-12,2.2164613802866625e-11,8,19,9,0.073493143,true,gradient_converged,"[0.0, 10.0, 20.0]","[1.0000000000500429, 9.999999998866167, 0.9999999999620716]"
mgh12,3,10,ffjm2_trust_bfgs,2.935452429422723e-18,5.870904858845446e-18,7.662183017159957e-10,7.411729062048631e-10,11,12,12,0.122146326,true,gradient_converged,"[0.0, 10.0, 20.0]","[0.999999994949541, 10.000000103354171, 1.0000000044725317]"
mgh12,3,10,ffjm2_box_bfgs,1.6180723403820857e-21,3.2361446807641714e-21,1.79892875922427e-11,1.2145319307947402e-12,16,35,17,0.148330745,true,gradient_converged,"[0.0, 10.0, 20.0]","[0.9999999998108501, 10.000000002654183, 1.0000000001397698]"
mgh12,3,10,bfgs_backtracking2,1.5797638860152974e-21,3.1595277720305947e-21,1.7775060540067353e-11,3.202002460898708e-11,40,53,41,0.000172657,true,gradient_converged,"[0.0, 10.0, 20.0]","[0.9999999998057129, 10.000000000994103, 1.0000000001066744]"
mgh13,4,4,ffjm2_bfgs,1.0276080651386618e-11,2.0552161302773236e-11,2.2667245809081676e-6,1.2417179959996325e-7,1000,3499,1001,12.305518132,false,maximum_iterations,"[3.0, -1.0, 0.0, 1.0]","[-0.0011164907883662214, 0.0001116479285515942, 0.0006337330644648263, 0.0006337315375176434]"
mgh13,4,4,ffjm2_trust_bfgs,1.3014173654309315e-12,2.602834730861863e-12,8.066651614613499e-7,5.385668843375541e-9,7,8,8,0.077910994,true,gradient_converged,"[3.0, -1.0, 0.0, 1.0]","[-0.001272367741692459, 0.00012723676120826954, -0.0005308486663298487, -0.0005308490850512451]"
mgh13,4,4,ffjm2_box_bfgs,2.314000389265217e-12,4.628000778530434e-12,1.0756394352349715e-6,7.652240026308885e-9,7,18,8,0.067839118,true,gradient_converged,"[3.0, -1.0, 0.0, 1.0]","[0.0015445681568704776, -0.00015445679962830847, 0.0005716081874507044, 0.0005716087466397737]"
mgh13,4,4,bfgs_backtracking2,1.5664898045692352e-14,3.1329796091384704e-14,8.850112441571675e-8,3.6077857126618616e-9,44,55,45,7.8155e-5,true,gradient_converged,"[3.0, -1.0, 0.0, 1.0]","[-0.00013885976630444033, 1.3886013267357531e-5, 0.00017345765925713658, 0.00017345768760752015]"
mgh14,4,6,ffjm2_bfgs,4.0966936497545255e-24,8.193387299509051e-24,1.168573724639646e-12,1.841288975925855e-11,2,13,3,0.028202636,true,gradient_converged,"[-3.0, -1.0, -3.0, -1.0]","[0.9999999999985857, 0.9999999999971343, 1.0000000000014801, 1.0000000000028815]"
mgh14,4,6,ffjm2_trust_bfgs,4.782469237902384e-29,9.564938475804768e-29,3.992688834149398e-15,3.060194428551844e-14,5,6,6,0.082459389,true,gradient_converged,"[-3.0, -1.0, -3.0, -1.0]","[0.9999999999999949, 0.9999999999999899, 1.000000000000005, 1.0000000000000102]"
mgh14,4,6,ffjm2_box_bfgs,1.0538688655686955e-30,2.107737731137391e-30,5.926969055564841e-16,2.3758316914912085e-14,3,15,4,0.028170527,true,gradient_converged,"[-3.0, -1.0, -3.0, -1.0]","[1.0000000000000002, 1.0000000000000004, 0.9999999999999998, 0.9999999999999994]"
mgh14,4,6,bfgs_backtracking2,3.5215347722240323e-22,7.0430695444480645e-22,1.0834412416345787e-11,5.460932614607619e-10,30,44,31,5.816e-5,true,gradient_converged,"[-3.0, -1.0, -3.0, -1.0]","[1.0000000000026648, 1.0000000000053089, 0.9999999999956606, 0.9999999999940318]"
mgh15,4,11,ffjm2_bfgs,0.00015375280192479198,0.00030750560384958396,0.005287254003300458,8.360307193830782e-9,32,84,33,0.468112488,true,gradient_converged,"[0.25, 0.39, 0.415, 0.39]","[0.19280695790437608, 0.1912819833731874, 0.12305648699240747, 0.13606218394376524]"
mgh15,4,11,ffjm2_trust_bfgs,0.00015375280196127612,0.00030750560392255223,0.005287254003927767,1.489533050809144e-8,1000,1011,1001,7.854383447,false,maximum_iterations,"[0.25, 0.39, 0.415, 0.39]","[0.19280685116906784, 0.19128769817968722, 0.12305930123412151, 0.1360645516032093]"
mgh15,4,11,ffjm2_box_bfgs,0.00015375280192476116,0.0003075056038495223,0.005287254003299928,5.709638680695056e-9,21,54,22,0.23845451,true,gradient_converged,"[0.25, 0.39, 0.415, 0.39]","[0.1928069517203715, 0.19128214328516374, 0.12305659451830134, 0.13606221878195104]"
mgh15,4,11,bfgs_backtracking2,0.00015375280192461875,0.0003075056038492375,0.00528725400329748,4.1328610828486283e-10,32,39,33,0.000131507,true,gradient_converged,"[0.25, 0.39, 0.415, 0.39]","[0.1928069347239284, 0.1912823316622282, 0.12305651047326634, 0.1360623320002761]"
mgh16,4,20,ffjm2_bfgs,42911.10081317811,85822.20162635623,65.50656517722335,5.929805291093683e-6,1000,10435,1001,8.954432298,false,maximum_iterations,"[25.0, 5.0, -5.0, -1.0]","[-11.594439907796176, 13.203630052163767, -0.40343948714859384, 0.23677877769699232]"
mgh16,4,20,ffjm2_trust_bfgs,42911.10081317813,85822.20162635625,65.50656517722337,7.766584039833894e-5,22,68,23,0.570518616,false,trust_region_stalled,"[25.0, 5.0, -5.0, -1.0]","[-11.594439895494208, 13.203630049643863, -0.4034394811749964, 0.2367787806341545]"
mgh16,4,20,ffjm2_box_bfgs,42911.100813178135,85822.20162635627,65.50656517722337,6.105420463979895e-5,1000,11584,1001,9.568981939,false,maximum_iterations,"[25.0, 5.0, -5.0, -1.0]","[-11.594439899139704, 13.203630050357194, -0.40343947945811126, 0.23677878887740245]"
mgh16,4,20,bfgs_backtracking2,42911.10081317813,85822.20162635625,65.50656517722337,2.831466234757188e-5,25,72,26,0.000296643,true,function_converged,"[25.0, 5.0, -5.0, -1.0]","[-11.594439906504096, 13.203630051548341, -0.403439498811316, 0.2367787725247829]"
mgh17,5,33,ffjm2_bfgs,2.7324473487412416e-5,5.464894697482483e-5,0.001286867785052844,1.4201444258499603e-7,1000,13477,1001,28.67842912,false,maximum_iterations,"[0.5, 1.5, -1.0, 0.01, 0.02]","[0.3754100519741608, 1.935846895384926, -1.4646871191961413, 0.01286753460833825, 0.022122699731767632]"
mgh17,5,33,ffjm2_trust_bfgs,2.7324473736792533e-5,5.4648947473585065e-5,0.0012868677909252215,8.212109638956782e-9,29,33,30,0.462232022,true,gradient_converged,"[0.5, 1.5, -1.0, 0.01, 0.02]","[0.37540908375558746, 1.9357340130434688, -1.4645735036203107, 0.012867305672289258, 0.022123156487852222]"
mgh17,5,33,ffjm2_box_bfgs,2.73244734874158e-5,5.46489469748316e-5,0.0012868677850529238,1.009227675969331e-9,8,27,9,0.127281856,true,gradient_converged,"[0.5, 1.5, -1.0, 0.01, 0.02]","[0.3754100536066054, 1.935847090044915, -1.4646873150621784, 0.012867534998568785, 0.02212269894192218]"
mgh17,5,33,bfgs_backtracking2,2.7324473487415025e-5,5.464894697483005e-5,0.0012868677850529056,8.22766944545086e-9,58,90,59,0.000766085,true,gradient_converged,"[0.5, 1.5, -1.0, 0.01, 0.02]","[0.37541005208128053, 1.9358469099543332, -1.4646871338370433, 0.012867534634315406, 0.022122699673089035]"
mgh18,6,13,ffjm2_bfgs,8.834224197345826e-17,1.7668448394691652e-16,3.686612828839341e-9,2.3356275890462987e-9,74,236,75,1.380133233,true,gradient_converged,"[1.0, 2.0, 1.0, 1.0, 1.0, 1.0]","[4.000003181675028, 9.999996417280903, 3.000002216996873, 5.000002845775169, 1.0000006352657764, 1.0000010137781727]"
mgh18,6,13,ffjm2_trust_bfgs,2.134880996390109e-5,4.269761992780218e-5,0.0018123002792414479,0.00012712421331689399,1000,1011,1001,8.351276077,false,maximum_iterations,"[1.0, 2.0, 1.0, 1.0, 1.0, 1.0]","[1.0144849010675108, 9.080845756510211, 1.0426698116350184, 5.704010660403786, 4.437896764649789, 3.7963695446945493]"
mgh18,6,13,ffjm2_box_bfgs,6.431864086494762e-16,1.2863728172989524e-15,9.947449682046272e-9,6.333663770111739e-10,15,36,16,0.191365201,true,gradient_converged,"[1.0, 2.0, 1.0, 1.0, 1.0, 1.0]","[1.000001754325071, 9.99999036368704, 1.0000027945793535, 5.000007748593222, 4.000008696011213, 3.0000059730838045]"
mgh18,6,13,bfgs_backtracking2,0.0028278249627500095,0.005655649925500019,0.020857852101048954,1.2767277303440512e-8,40,44,41,0.000221009,true,gradient_converged,"[1.0, 2.0, 1.0, 1.0, 1.0, 1.0]","[1.7114159863737772, 17.68319876090973, 1.1631436528669623, 5.186561815073127, 1.7114159863737424, 1.1631436528669745]"
mgh19,11,65,ffjm2_bfgs,0.020084300255541355,0.04016860051108271,0.024859172741691797,2.709946169921472e-9,21,53,22,0.513540009,true,gradient_converged,"[1.3, 0.65, 0.65, 0.7, 0.6, 3.0, 5.0, 7.0, 2.0, 4.5, 5.5]","[1.3099359265661183, -0.431378618695898, -0.6336168428209404, -0.5993700439077259, 0.7538330266573354, 0.9052811201916903, 1.3655404460130294, 4.824276592621191, 2.3989496981792438, 4.568866356061228, 5.675348520938222]"
mgh19,11,65,ffjm2_trust_bfgs,0.04397272420475025,0.0879454484095005,0.03678324208940397,0.009004752547055071,1000,1020,1001,11.876095531,false,maximum_iterations,"[1.3, 0.65, 0.65, 0.7, 0.6, 3.0, 5.0, 7.0, 2.0, 4.5, 5.5]","[2.5081632592471053, 1.1427435944277393, -0.4756699193849342, -0.5898000029257022, 0.5311407619181527, 0.4231296168999081, 2.3775762533807705, 5.214538602754857, 0.037377694399185715, 4.606839227244184, 5.633725193061411]"
mgh19,11,65,ffjm2_box_bfgs,0.043838406724559326,0.08767681344911865,0.036727020748535594,8.973236742308176e-5,1000,3950,1001,22.343983931,false,maximum_iterations,"[1.3, 0.65, 0.65, 0.7, 0.6, 3.0, 5.0, 7.0, 2.0, 4.5, 5.5]","[2.773651740061875, 1.4116196365349838, -0.48104959129891794, -0.5956873865488824, 0.5588791503968444, 0.3725331299416234, 2.378236965830454, 5.08926544842106, -0.1235473941292377, 4.603592254596392, 5.633603943662443]"
mgh19,11,65,bfgs_backtracking2,0.13737733322905482,0.27475466645810964,0.0650153433320651,8.291793370574357e-10,112,147,113,0.021605549,true,gradient_converged,"[1.3, 0.65, 0.65, 0.7, 0.6, 3.0, 5.0, 7.0, 2.0, 4.5, 5.5]","[5.880605222351691, 5.393167465065706, 0.3862698372308295, -0.33418400565374257, 0.45758891652510447, 0.10813920406390205, 2.136907652732453, 8.659131266777734, -1.2983378001559533, 3.327714099883609, 5.578612590740302]"
mgh20,6,31,ffjm2_bfgs,0.0011438350267762285,0.002287670053552457,0.00859044865994271,1.365137169320042e-11,3,11,4,0.039598046,true,gradient_converged,"[0.0, 0.0, 0.0, 0.0, 0.0, 0.0]","[-0.01572508639168121, 1.012434869369868, -0.23299162596201867, 1.2604300878641348, -1.5137289228212123, 0.9929964324924365]"
mgh20,6,31,ffjm2_trust_bfgs,0.0011438350267762188,0.0022876700535524376,0.008590448659942674,6.677689800591565e-11,4,5,5,0.0576172,true,gradient_converged,"[0.0, 0.0, 0.0, 0.0, 0.0, 0.0]","[-0.015725085777583067, 1.012434870080981, -0.23299163330076972, 1.2604301125601138, -1.5137289524994484, 0.9929964454815153]"
mgh20,6,31,ffjm2_box_bfgs,0.0011438350267762324,0.002287670053552465,0.008590448659942726,2.040467742914906e-11,4,13,5,0.069256992,true,gradient_converged,"[0.0, 0.0, 0.0, 0.0, 0.0, 0.0]","[-0.01572508661807736, 1.012434869119622, -0.2329916233872856, 1.2604300791511607, -1.513728912329229, 0.9929964278797474]"
mgh20,6,31,bfgs_backtracking2,0.001143835026776227,0.002287670053552454,0.008590448659942705,7.070265396972292e-9,38,49,39,0.00095219,true,gradient_converged,"[0.0, 0.0, 0.0, 0.0, 0.0, 0.0]","[-0.01572508578600947, 1.012434869020316, -0.23299162620512914, 1.2604300948122444, -1.513728935122457, 0.9929964395085128]"
mgh21,20,20,ffjm2_bfgs,3.052682753673045e-23,6.10536550734609e-23,1.7471928209768505e-12,1.1597850911813931e-10,2,8,3,0.93455757,true,gradient_converged,"[-1.2, 1.0, -1.2, 1.0, -1.2, 1.0, -1.2, 1.0, -1.2, 1.0, -1.2, 1.0, -1.2, 1.0, -1.2, 1.0, -1.2, 1.0, -1.2, 1.0]","[1.0000000000019136, 1.0000000000036708, 1.0000000000019136, 1.0000000000036708, 1.0000000000019136, 1.0000000000036708, 1.0000000000019136, 1.0000000000036708, 1.0000000000019136, 1.0000000000036708, 1.0000000000019136, 1.0000000000036708, 1.0000000000019136, 1.0000000000036708, 1.0000000000019136, 1.0000000000036708, 1.0000000000019136, 1.0000000000036708, 1.0000000000019136, 1.0000000000036708]"
mgh21,20,20,ffjm2_trust_bfgs,6.0143705128624116e-24,1.2028741025724823e-23,7.755237270943044e-13,1.5503039588169048e-12,4,5,5,0.085905467,true,gradient_converged,"[-1.2, 1.0, -1.2, 1.0, -1.2, 1.0, -1.2, 1.0, -1.2, 1.0, -1.2, 1.0, -1.2, 1.0, -1.2, 1.0, -1.2, 1.0, -1.2, 1.0]","[0.9999999999989041, 0.9999999999978039, 0.9999999999989041, 0.9999999999978039, 0.9999999999989041, 0.9999999999978039, 0.9999999999989041, 0.9999999999978039, 0.9999999999989041, 0.9999999999978039, 0.9999999999989041, 0.9999999999978039, 0.9999999999989041, 0.9999999999978039, 0.9999999999989041, 0.9999999999978039, 0.9999999999989041, 0.9999999999978039, 0.9999999999989041, 0.9999999999978039]"
mgh21,20,20,ffjm2_box_bfgs,1.7166510998275967e-16,3.4333021996551934e-16,4.143248845806388e-9,8.287603643849229e-9,2,8,3,0.036277324,true,gradient_converged,"[-1.2, 1.0, -1.2, 1.0, -1.2, 1.0, -1.2, 1.0, -1.2, 1.0, -1.2, 1.0, -1.2, 1.0, -1.2, 1.0, -1.2, 1.0, -1.2, 1.0]","[1.0000000058545486, 1.000000011733031, 1.0000000058545486, 1.000000011733031, 1.0000000058545486, 1.000000011733031, 1.0000000058545486, 1.000000011733031, 1.0000000058545486, 1.000000011733031, 1.0000000058545486, 1.000000011733031, 1.0000000058545486, 1.000000011733031, 1.0000000058545486, 1.000000011733031, 1.0000000058545486, 1.000000011733031, 1.0000000058545486, 1.000000011733031]"
mgh21,20,20,bfgs_backtracking2,4.792660525704391e-18,9.585321051408782e-18,6.922904394619639e-10,1.4958338545043611e-9,149,228,150,0.000488903,true,gradient_converged,"[-1.2, 1.0, -1.2, 1.0, -1.2, 1.0, -1.2, 1.0, -1.2, 1.0, -1.2, 1.0, -1.2, 1.0, -1.2, 1.0, -1.2, 1.0, -1.2, 1.0]","[0.9999999999573926, 0.9999999999138461, 0.9999999998718, 0.9999999997432568, 0.9999999999573926, 0.9999999999138461, 0.9999999998718, 0.9999999997432568, 0.9999999999012618, 0.9999999998026533, 0.9999999993631911, 0.9999999987238604, 1.0000000017579675, 1.0000000035238046, 0.9999999986620259, 0.9999999973186214, 1.0000000017081947, 1.0000000034252863, 0.9999999988532403, 0.9999999977019655]"
mgh22,20,20,ffjm2_bfgs,4.282534440999997e-12,8.565068881999993e-12,6.544107609903735e-7,8.148413860751015e-8,1000,3501,1001,21.936885067,false,maximum_iterations,"[3.0, -1.0, 0.0, 1.0, 3.0, -1.0, 0.0, 1.0, 3.0, -1.0, 0.0, 1.0, 3.0, -1.0, 0.0, 1.0, 3.0, -1.0, 0.0, 1.0]","[-3.61650363593505e-7, 3.620978776725956e-8, 0.00014554806284343918, 0.00014554805698855337, -0.04806893318637895, 0.004806892650709602, -0.04902501681690442, -0.04902501529322436, -0.049487731432020565, 0.004948773142572244, -0.04974323269801048, -0.049743232768532694, -1.6438128337242436e-6, 1.6459977427762384e-7, 0.00031153349883021716, 0.00031153344106718463, -0.05056598331849703, 0.005056598375146051, -0.050282248350000225, -0.05028224860843471]"
mgh22,20,20,ffjm2_trust_bfgs,5.877828416338916e-14,1.1755656832677831e-13,7.666699691744106e-8,2.0088023235424815e-9,4,5,5,0.063418597,true,gradient_converged,"[3.0, -1.0, 0.0, 1.0, 3.0, -1.0, 0.0, 1.0, 3.0, -1.0, 0.0, 1.0, 3.0, -1.0, 0.0, 1.0, 3.0, -1.0, 0.0, 1.0]","[-8.097948458662615e-7, 8.108743075450507e-8, 0.00021445202540447416, 0.00021445201678788988, -8.678355692469213e-7, 8.689293949046837e-8, 0.00022127894896693248, 0.00022127893753924637, -8.461629037652234e-7, 8.472512707207022e-8, 0.000218753524603533, 0.00021875351424664204, -8.503711622417226e-7, 8.514605792826757e-8, 0.00021924605275624873, 0.00021924604219332786, -8.687342745311577e-7, 8.698283308238757e-8, 0.00022138309956165684, 0.0002213830880891504]"
mgh22,20,20,ffjm2_box_bfgs,1.1012291731324759e-13,2.2024583462649518e-13,1.049394669860904e-7,8.043836975593093e-9,7,19,8,0.147861708,true,gradient_converged,"[3.0, -1.0, 0.0, 1.0, 3.0, -1.0, 0.0, 1.0, 3.0, -1.0, 0.0, 1.0, 3.0, -1.0, 0.0, 1.0, 3.0, -1.0, 0.0, 1.0]","[-1.2468658309317517e-6, 1.2471742643897858e-7, 0.0002563107634922121, 0.00025631073274667913, -1.2468658309317517e-6, 1.2471742643897858e-7, 0.0002563107634922121, 0.00025631073274667913, -1.2468658309317517e-6, 1.2471742643897858e-7, 0.0002563107634922121, 0.00025631073274667913, -1.2468658309317517e-6, 1.2471742643897858e-7, 0.0002563107634922121, 0.00025631073274667913, -1.2468658309317517e-6, 1.2471742643897858e-7, 0.0002563107634922121, 0.00025631073274667913]"
mgh22,20,20,bfgs_backtracking2,1.6533673492449174e-13,3.306734698489835e-13,1.2858333287191297e-7,1.5617134313730746e-8,111,136,112,0.000374919,true,gradient_converged,"[3.0, -1.0, 0.0, 1.0, 3.0, -1.0, 0.0, 1.0, 3.0, -1.0, 0.0, 1.0, 3.0, -1.0, 0.0, 1.0, 3.0, -1.0, 0.0, 1.0]","[-0.04935520643722065, 0.004935520616147818, -0.04967652061843366, -0.04967652050515307, -0.04935520643722065, 0.004935520616147818, -0.04967652061843366, -0.04967652050515307, -1.831726060217566e-6, 1.8275897172289678e-7, -0.00027351479787165073, -0.000273514589454917, -7.353685213208271e-7, 7.359045701095743e-8, -0.00018714070324807585, -0.00018714053729089163, -1.377105768952104e-6, 1.3769887540658332e-7, -0.0002668677562203937, -0.0002668674622964137]"
mgh23,4,5,ffjm2_bfgs,1.124988762569814e-5,2.249977525139628e-5,0.0021213097487824016,3.113956671668967e-9,8,21,9,0.35710014,true,gradient_converged,"[1.0, 2.0, 3.0, 4.0]","[0.24995527540449186, 0.24999008949520612, 0.25002490358600626, 0.250059717676579]"
mgh23,4,5,ffjm2_trust_bfgs,1.1249887537825252e-5,2.2499775075650504e-5,0.002121309740497625,1.6333255899319838e-9,13,18,14,0.378973228,true,gradient_converged,"[1.0, 2.0, 3.0, 4.0]","[0.24998637199283594, 0.24999585976990263, 0.2500073329159269, 0.2500404304233357]"
mgh23,4,5,ffjm2_box_bfgs,1.1249887504666753e-5,2.2499775009333506e-5,0.0021213097373713958,1.3542047746847523e-10,10,26,11,0.3304915,true,gradient_converged,"[1.0, 2.0, 3.0, 4.0]","[0.25000969851177496, 0.25000569813833984, 0.25000698938042965, 0.2500076124439368]"
mgh23,4,5,bfgs_backtracking2,1.1249887504649548e-5,2.2499775009299096e-5,0.0021213097373697742,1.2053310757901526e-8,67,87,68,0.000108255,true,gradient_converged,"[1.0, 2.0, 3.0, 4.0]","[0.2500061873634139, 0.2500070661955428, 0.25000794502754564, 0.2500088238596234]"
mgh24,4,8,ffjm2_bfgs,1.7284110125495846e-6,3.456822025099169e-6,0.0006573452313186703,9.797295056874613e-9,31,103,32,5.542019902,true,gradient_converged,"[0.5, 0.5, 0.5, 0.5]","[0.19999957407603214, 0.12514123728894372, 0.49985260879720983, 0.5415853962347825]"
mgh24,4,8,ffjm2_trust_bfgs,1.7284107868948274e-6,3.456821573789655e-6,0.0006573451884084243,1.4119010174953747e-10,10,13,11,0.595802039,true,gradient_converged,"[0.5, 0.5, 0.5, 0.5]","[0.19999958505604637, 0.12561801695997593, 0.49955364022632975, 0.5418058987328311]"
mgh24,4,8,ffjm2_box_bfgs,1.7284107866999154e-6,3.4568215733998308e-6,0.0006573451883713601,5.879510342848705e-9,15,38,16,1.307185265,true,gradient_converged,"[0.5, 0.5, 0.5, 0.5]","[0.19999958506389132, 0.1254968978221891, 0.4996318680934947, 0.5417458353177287]"
mgh24,4,8,bfgs_backtracking2,1.728410781798749e-6,3.456821563597498e-6,0.00065734518743936,6.288296516355331e-9,449,588,450,0.001130086,true,gradient_converged,"[0.5, 0.5, 0.5, 0.5]","[0.19999958844556714, 0.12555681284733242, 0.49959532408262197, 0.5417715809224214]"
mgh25,10,12,ffjm2_bfgs,2.3813965990167127e-25,4.762793198033425e-25,1.9922335033059055e-13,1.3558901203702364e-11,5,52,6,0.130258057,true,gradient_converged,"[0.9, 0.8, 0.7, 0.6, 0.5, 0.4, 0.30000000000000004, 0.19999999999999996, 0.09999999999999998, 0.0]","[0.9999999999999982, 0.9999999999999964, 0.9999999999999946, 0.9999999999999928, 0.999999999999991, 0.9999999999999892, 0.9999999999999875, 0.9999999999999856, 0.9999999999999838, 0.999999999999982]"
mgh25,10,12,ffjm2_trust_bfgs,5.999410443722236e-28,1.1998820887444471e-27,9.999508691032638e-15,1.4355291038147496e-13,3,4,4,0.038672471,true,gradient_converged,"[0.9, 0.8, 0.7, 0.6, 0.5, 0.4, 0.30000000000000004, 0.19999999999999996, 0.09999999999999998, 0.0]","[0.9999999999999969, 1.0000000000000178, 1.0000000000000009, 1.000000000000013, 1.0000000000000147, 1.000000000000012, 0.9999999999999952, 0.999999999999993, 1.0000000000000004, 0.9999999999999851]"
mgh25,10,12,ffjm2_box_bfgs,0.0,0.0,0.0,0.0,5,52,6,0.049474585,true,residual_converged,"[0.9, 0.8, 0.7, 0.6, 0.5, 0.4, 0.30000000000000004, 0.19999999999999996, 0.09999999999999998, 0.0]","[1.0, 1.0, 1.0, 1.0, 1.0, 1.0, 1.0, 1.0, 1.0, 1.0]"
mgh25,10,12,bfgs_backtracking2,6.843629662967132e-26,1.3687259325934264e-25,1.0679910785338309e-13,7.2686179088993185e-12,15,23,16,4.7708e-5,true,gradient_converged,"[0.9, 0.8, 0.7, 0.6, 0.5, 0.4, 0.30000000000000004, 0.19999999999999996, 0.09999999999999998, 0.0]","[1.0000000000000009, 1.000000000000002, 1.0000000000000029, 1.0000000000000038, 1.0000000000000049, 1.0000000000000058, 1.0000000000000067, 1.0000000000000078, 1.0000000000000087, 1.0000000000000095]"
mgh26,10,10,ffjm2_bfgs,1.837459369272847e-17,3.674918738545694e-17,1.917007756516831e-9,5.253243681908191e-9,17,68,18,0.209019447,true,gradient_converged,"[0.1, 0.1, 0.1, 0.1, 0.1, 0.1, 0.1, 0.1, 0.1, 0.1]","[0.04791194602425598, 0.04918451671789258, 0.05060870124478799, 0.05222304596309875, 0.05408308901124113, 0.056273297931436386, 0.058932134200208076, 0.1863970032993946, 0.15434196021879693, 0.12462538251369934]"
mgh26,10,10,ffjm2_trust_bfgs,1.3975280609707509e-5,2.7950561219415018e-5,0.0016718421342762904,7.200874314409037e-9,11,20,12,0.184424524,true,gradient_converged,"[0.1, 0.1, 0.1, 0.1, 0.1, 0.1, 0.1, 0.1, 0.1, 0.1]","[0.05515089528127314, 0.05684060723513578, 0.05876399194166799, 0.06099059716937112, 0.06362620136207174, 0.06684316363171691, 0.20816151245026918, 0.16436315550699007, 0.08500680764378607, 0.0914314073510602]"
mgh26,10,10,ffjm2_box_bfgs,1.8300634110279585e-28,3.660126822055917e-28,6.049898199189733e-15,6.5116881938059796e-15,22,64,23,0.358696402,true,gradient_converged,"[0.1, 0.1, 0.1, 0.1, 0.1, 0.1, 0.1, 0.1, 0.1, 0.1]","[0.037458370394086254, 0.03821785822287038, 0.039044462663455515, 0.03995039884794381, 0.04095156433021075, 0.04206920835864432, 0.24046142340281274, 0.044784285089311746, 0.04648838481141028, 0.048550772736279856]"
mgh26,10,10,bfgs_backtracking2,1.3975280609633234e-5,2.795056121926647e-5,0.0016718421342718478,1.1063616173351522e-8,33,36,34,0.000202485,true,gradient_converged,"[0.1, 0.1, 0.1, 0.1, 0.1, 0.1, 0.1, 0.1, 0.1, 0.1]","[0.05515090091097316, 0.056840612288120165, 0.05876399880342699, 0.06099060070504124, 0.06362620657703177, 0.06684320225678143, 0.20816152373712676, 0.16436308692667084, 0.08500685242041374, 0.09143148190274156]"
mgh27,10,10,ffjm2_bfgs,1.0443599458607351e-17,2.0887198917214702e-17,1.4452404269606736e-9,4.880268906061334e-9,9,28,10,0.083185053,true,gradient_converged,"[0.5, 0.5, 0.5, 0.5, 0.5, 0.5, 0.5, 0.5, 0.5, 0.5]","[0.9794302980661239, 0.9794302980661238, 0.9794302980661236, 0.9794302980661236, 0.9794302980661236, 0.9794302980661235, 0.9794302980661235, 0.9794302980661235, 0.9794302980661237, 1.2056970196373273]"
mgh27,10,10,ffjm2_trust_bfgs,8.45595158281251e-22,1.691190316562502e-21,1.3004577334779096e-11,3.4755482106919123e-12,5,6,6,0.051653148,true,gradient_converged,"[0.5, 0.5, 0.5, 0.5, 0.5, 0.5, 0.5, 0.5, 0.5, 0.5]","[0.979430303302205, 0.9794303033022053, 0.9794303033022052, 0.9794303033022056, 0.9794303033022062, 0.9794303033022057, 0.9794303033022047, 0.979430303302204, 0.9794303033022063, 1.2056969669819084]"
mgh27,10,10,ffjm2_box_bfgs,1.2058622713199022e-23,2.4117245426398043e-23,1.5529728080812634e-12,4.0362850157774434e-13,8,21,9,0.072778135,true,gradient_converged,"[0.5, 0.5, 0.5, 0.5, 0.5, 0.5, 0.5, 0.5, 0.5, 0.5]","[0.9794303033441721, 0.9794303033441738, 0.9794303033441724, 0.9794303033441724, 0.9794303033441731, 0.9794303033441728, 0.9794303033441724, 0.9794303033441729, 0.9794303033441734, 1.2056969665587476]"
mgh27,10,10,bfgs_backtracking2,5.734696633693305e-20,1.146939326738661e-19,1.0709525324395387e-10,3.6898775107620554e-9,16,20,17,5.5451e-5,true,gradient_converged,"[0.5, 0.5, 0.5, 0.5, 0.5, 0.5, 0.5, 0.5, 0.5, 0.5]","[0.9999999999924987, 0.9999999999924987, 0.9999999999924999, 0.9999999999924999, 0.9999999999924996, 0.9999999999924996, 0.9999999999925, 0.9999999999925, 0.9999999999925, 1.000000000181325]"
mgh28,10,10,ffjm2_bfgs,4.217851535932086e-17,8.435703071864172e-17,2.904428183285683e-9,1.2228262004756607e-9,3,8,4,0.01682743,true,gradient_converged,"[-0.08264462809917356, -0.1487603305785124, -0.1983471074380165, -0.23140495867768596, -0.24793388429752064, -0.24793388429752067, -0.23140495867768596, -0.1983471074380165, -0.14876033057851237, -0.08264462809917358]","[-0.04316497229739425, -0.08157713662418968, -0.11448568606489398, -0.1409735423298517, -0.15990865843334498, -0.1698771647977213, -0.16908994987214374, -0.15524950772413493, -0.12535587253609445, -0.07541652394293083]"
mgh28,10,10,ffjm2_trust_bfgs,1.557280704907691e-18,3.114561409815382e-18,5.580825574962347e-10,3.25184012407011e-10,2,3,3,0.018862659,true,gradient_converged,"[-0.08264462809917356, -0.1487603305785124, -0.1983471074380165, -0.23140495867768596, -0.24793388429752064, -0.24793388429752067, -0.23140495867768596, -0.1983471074380165, -0.14876033057851237, -0.08264462809917358]","[-0.043164980409524094, -0.08157715243628538, -0.11448570860778545, -0.14097356997834856, -0.15990868892400453, -0.16987719542496538, -0.1690899778533021, -0.15524953061756971, -0.12535588857009802, -0.07541653212819227]"
mgh28,10,10,ffjm2_box_bfgs,1.2244709108860364e-17,2.4489418217720728e-17,1.5649095251074654e-9,5.835667569249686e-10,3,8,4,0.019207088,true,gradient_converged,"[-0.08264462809917356, -0.1487603305785124, -0.1983471074380165, -0.23140495867768596, -0.24793388429752064, -0.24793388429752067, -0.23140495867768596, -0.1983471074380165, -0.14876033057851237, -0.08264462809917358]","[-0.04316497655377371, -0.08157714506506954, -0.11448569836330434, -0.14097355774171955, -0.15990867573600634, -0.16987718238920943, -0.16908996602804482, -0.1552495209241511, -0.12535588172172216, -0.0754165285934867]"
mgh28,10,10,bfgs_backtracking2,2.5338281178952867e-16,5.067656235790573e-16,7.118747246384418e-9,1.0863485608159909e-8,17,26,18,9.0595e-5,true,gradient_converged,"[-0.08264462809917356, -0.1487603305785124, -0.1983471074380165, -0.23140495867768596, -0.24793388429752064, -0.24793388429752067, -0.23140495867768596, -0.1983471074380165, -0.14876033057851237, -0.08264462809917358]","[-0.043165009102129524, -0.08157720585202943, -0.11448578191001824, -0.14097365729628758, -0.15990878537772069, -0.16987729166410287, -0.16909006496796802, -0.15524960354997544, -0.1253559415932989, -0.07541656045703544]"
mgh29,10,10,ffjm2_bfgs,4.9523730625556105e-25,9.904746125111221e-25,3.1471806629285236e-13,1.2043758985073328e-12,3,7,4,0.017756561,true,gradient_converged,"[-0.08264462809917356, -0.1487603305785124, -0.1983471074380165, -0.23140495867768596, -0.24793388429752064, -0.24793388429752067, -0.23140495867768596, -0.1983471074380165, -0.14876033057851237, -0.08264462809917358]","[-0.04316498251890592, -0.08157715653554595, -0.11448571438059735, -0.1409735768624942, -0.15990869618167944, -0.16987720231231754, -0.16908998378073356, -0.1552495352215112, -0.12535589167886715, -0.07541653368600734]"
mgh29,10,10,ffjm2_trust_bfgs,1.878961327868492e-30,3.757922655736984e-30,6.130189765200572e-16,2.4667155360023827e-15,3,4,4,0.030442715,true,gradient_converged,"[-0.08264462809917356, -0.1487603305785124, -0.1983471074380165, -0.23140495867768596, -0.24793388429752064, -0.24793388429752067, -0.23140495867768596, -0.1983471074380165, -0.14876033057851237, -0.08264462809917358]","[-0.043164982518764626, -0.08157715653538643, -0.11448571438052868, -0.14097357686259604, -0.15990869618198247, -0.1698772023127743, -0.16908998378120788, -0.15524953522183144, -0.12535589167893474, -0.07541653368589199]"
mgh29,10,10,ffjm2_box_bfgs,1.2583876684862265e-23,2.516775336972453e-23,1.5864347881247601e-12,6.448192150461158e-12,3,7,4,0.019449088,true,gradient_converged,"[-0.08264462809917356, -0.1487603305785124, -0.1983471074380165, -0.23140495867768596, -0.24793388429752064, -0.24793388429752067, -0.23140495867768596, -0.1983471074380165, -0.14876033057851237, -0.08264462809917358]","[-0.043164982518177776, -0.08157715653432952, -0.1144857143791136, -0.14097357686105363, -0.15990869618041123, -0.16987720231130135, -0.16908998377981566, -0.15524953522058027, -0.12535589167789993, -0.0754165336853745]"
mgh29,10,10,bfgs_backtracking2,9.104593422385946e-19,1.820918684477189e-18,4.267222380515444e-10,1.5632960060448564e-9,7,8,8,8.4904e-5,true,gradient_converged,"[-0.08264462809917356, -0.1487603305785124, -0.1983471074380165, -0.23140495867768596, -0.24793388429752064, -0.24793388429752067, -0.23140495867768596, -0.1983471074380165, -0.14876033057851237, -0.08264462809917358]","[-0.043164982353703626, -0.08157715617780473, -0.11448571391900905, -0.14097357647888495, -0.15990869603727004, -0.16987720240330786, -0.1690899838786513, -0.15524953500582697, -0.125355891050427, -0.07541653303031318]"
mgh30,10,10,ffjm2_bfgs,4.386071563409483e-25,8.772143126818967e-25,2.961780398142132e-13,3.1622802986738694e-12,2,7,3,0.018214511,true,gradient_converged,"[-1.0, -1.0, -1.0, -1.0, -1.0, -1.0, -1.0, -1.0, -1.0, -1.0]","[-0.570722132011225, -0.6818069499842756, -0.7022100760176614, -0.705510629895084, -0.7049061557287531, -0.7014966070298758, -0.6918893223548597, -0.6657965144059893, -0.5960351090265865, -0.41641225752884764]"
mgh30,10,10,ffjm2_trust_bfgs,4.190823558986625e-31,8.38164711797325e-31,2.895107444979072e-16,5.673665368746271e-15,3,4,4,0.032325216,true,gradient_converged,"[-1.0, -1.0, -1.0, -1.0, -1.0, -1.0, -1.0, -1.0, -1.0, -1.0]","[-0.5707221320112248, -0.6818069499842752, -0.7022100760176601, -0.7055106298950804, -0.7049061557287437, -0.7014966070298512, -0.6918893223547983, -0.6657965144058539, -0.5960351090263657, -0.4164122575286934]"
mgh30,10,10,ffjm2_box_bfgs,9.367723249499515e-31,1.873544649899903e-30,4.3284461991572713e-16,8.699221938329399e-15,3,9,4,0.025084707,true,gradient_converged,"[-1.0, -1.0, -1.0, -1.0, -1.0, -1.0, -1.0, -1.0, -1.0, -1.0]","[-0.5707221320112247, -0.681806949984275, -0.7022100760176601, -0.7055106298950805, -0.7049061557287438, -0.7014966070298512, -0.6918893223547983, -0.6657965144058537, -0.5960351090263658, -0.4164122575286934]"
mgh30,10,10,bfgs_backtracking2,1.9655441497253108e-19,3.9310882994506215e-19,1.9826972283862761e-10,4.026641021229466e-9,22,46,23,0.000100914,true,gradient_converged,"[-1.0, -1.0, -1.0, -1.0, -1.0, -1.0, -1.0, -1.0, -1.0, -1.0]","[-0.5707221319900262, -0.6818069499182731, -0.7022100759752478, -0.7055106298545913, -0.7049061557410178, -0.7014966069580328, -0.6918893223216892, -0.6657965144119163, -0.5960351090651976, -0.41641225757762435]"
